date,2001,2002,2003,2004,2005,2006,2007,2008,2009,2010,2011,2012,2013,2014,2015,2016,2017,2018,2019,2020,2021,2022,2023,2024,10%,30%,70%,90%,Min,Median (POR),Max
10-01,48.2,63.68,31.64,51.98,38.66,62.78,61.16,53.6,61.88,36.86,53.6,71.78,57.56,44.96,41.54,52.7,58.64,41.72,48.2,29.66,53.06,54.68,46.22,44.06,37.22,45.716,55.832,62.6,29.66,52.7,71.78
10-02,43.88,51.8,33.08,54.14,52.34,41.72,51.8,46.76,62.06,39.2,62.78,63.14,62.96,41.18,37.76,48.02,49.64,36.32,56.12,33.44,54.68,53.6,45.68,44.24,36.608,43.016,53.816,62.636,33.08,49.64,63.14
10-03,35.42,47.48,37.58,52.34,53.78,36.32,43.34,45.68,59.72,39.92,71.24,65.48,35.06,32.9,41.0,42.44,42.8,33.98,40.28,40.28,53.6,59.18,47.3,43.7,35.132,40.136,49.424,59.612,32.9,42.8,71.24
10-04,32.72,32.72,39.92,57.92,52.7,32.72,44.6,39.74,53.6,32.36,63.14,62.96,31.28,30.56,56.12,38.12,40.1,35.6,38.12,42.62,60.8,61.34,52.34,47.48,32.432,37.112,53.06,61.232,30.56,40.1,63.14
10-05,25.52,35.6,42.62,62.24,57.38,32.9,57.38,37.4,48.02,30.56,52.7,54.86,29.3,39.2,53.42,45.86,37.94,41.0,38.48,39.56,57.38,65.3,55.04,45.5,31.028,38.264,53.996,57.38,25.52,42.62,65.3
10-06,29.12,50.36,46.76,62.06,57.74,41.18,55.94,36.14,44.96,38.3,52.34,44.96,31.1,51.08,59.54,51.26,38.12,50.54,41.72,41.0,61.88,60.44,45.68,44.42,36.536,41.504,51.692,60.26,29.12,46.76,62.06
10-07,32.72,51.26,53.6,61.16,54.32,51.98,42.98,39.2,51.8,31.82,58.64,44.96,43.16,55.4,55.94,55.76,45.5,51.62,38.12,52.88,56.66,47.3,43.7,53.24,38.336,44.456,53.888,56.516,31.82,51.62,61.16
10-08,46.58,43.88,44.6,58.64,58.64,42.44,35.96,49.64,40.46,30.02,46.58,39.38,42.62,44.24,57.02,51.62,54.68,34.7,36.32,50.0,62.96,46.22,49.1,56.48,36.032,42.548,49.784,58.316,30.02,46.22,62.96
10-09,53.06,35.06,52.16,60.62,61.7,39.02,30.56,50.54,32.72,15.08,47.12,43.16,38.3,39.56,46.94,62.24,59.9,36.32,33.08,20.66,55.76,44.24,52.52,58.28,30.992,37.508,52.304,60.476,15.08,44.24,62.24
10-10,53.96,39.92,56.48,34.52,41.54,41.72,35.6,54.32,27.5,10.58,54.14,47.48,48.92,42.98,48.56,68.72,43.88,44.6,30.92,18.68,61.34,48.56,57.38,57.56,28.184,40.892,50.936,57.2,10.58,44.6,68.72
10-11,42.26,41.36,33.62,40.46,46.4,48.56,42.26,47.66,26.96,12.74,46.94,46.58,35.6,37.22,53.24,55.04,25.34,48.2,31.64,28.76,44.24,30.56,47.3,45.14,27.32,34.808,46.724,48.488,12.74,42.26,55.04
10-12,39.92,39.02,34.7,47.66,47.66,45.14,48.02,46.76,26.24,17.6,42.8,48.74,55.58,37.94,40.1,55.22,34.7,37.4,42.44,36.32,48.92,28.22,42.98,37.22,29.516,37.724,47.12,48.884,17.6,42.44,55.58
10-13,37.04,41.72,49.82,42.26,46.22,55.04,45.5,46.76,37.94,24.62,52.16,43.34,50.0,33.98,45.32,56.48,51.62,39.2,27.14,46.76,47.12,29.48,46.94,37.4,30.38,40.712,47.012,52.052,24.62,45.5,56.48
10-14,38.84,33.26,41.0,38.84,51.62,55.04,47.3,46.76,43.88,42.98,59.9,41.36,52.16,32.72,56.3,51.62,56.48,37.4,24.98,43.34,40.82,31.64,52.7,40.64,32.828,40.028,51.62,56.048,24.98,43.34,59.9
10-15,43.7,34.7,42.08,39.02,36.5,60.08,51.26,47.3,38.66,44.6,55.22,45.86,54.5,33.08,55.58,41.72,50.72,44.96,36.5,40.64,36.14,36.5,45.68,49.82,36.212,38.876,46.436,55.076,33.08,43.7,60.08
10-16,47.12,52.88,41.0,46.94,47.3,55.04,35.6,47.84,41.9,44.96,40.64,40.1,51.08,36.32,44.96,47.84,46.76,53.6,44.78,55.94,47.3,47.48,44.78,57.2,40.208,44.78,47.624,53.456,35.6,46.94,55.94
10-17,53.06,47.3,49.28,62.42,36.5,59.18,25.88,39.92,51.98,55.76,44.96,41.18,38.66,33.44,44.96,54.14,42.8,59.72,45.68,55.22,27.32,51.8,53.42,55.22,34.052,42.152,53.204,58.496,25.88,47.3,62.42
10-18,57.38,40.28,45.5,62.96,37.58,49.1,33.98,40.28,56.84,53.78,44.24,41.72,40.82,36.68,53.42,57.38,42.98,56.84,49.82,41.36,24.98,49.64,56.84,53.42,36.86,41.144,53.564,57.272,24.98,45.5,62.96
10-19,48.92,44.06,49.28,64.94,39.56,55.04,41.54,49.28,43.88,37.76,48.02,47.66,53.78,44.42,53.24,48.02,38.48,57.2,47.84,37.22,39.02,35.24,55.94,61.34,37.904,42.944,49.28,55.76,35.24,47.84,64.94
10-20,51.26,40.64,46.4,62.42,38.66,46.76,35.78,35.78,47.84,34.52,52.88,50.54,48.2,39.74,57.92,44.06,46.22,48.74,54.14,33.44,37.04,41.54,59.54,59.0,35.78,40.28,49.46,57.164,33.44,46.4,62.42
10-21,46.22,45.68,43.7,64.94,43.34,42.08,31.46,35.06,35.96,37.76,56.3,48.02,36.32,46.04,52.88,43.7,51.62,41.9,52.16,36.68,32.54,49.82,52.34,46.04,35.24,40.244,48.74,52.772,31.46,43.7,64.94
10-22,37.58,45.86,20.3,62.78,41.36,40.82,35.06,50.54,35.96,41.54,51.98,51.44,33.8,48.2,44.24,47.48,49.1,49.28,43.88,43.34,17.96,53.06,40.28,50.9,34.052,40.604,48.56,51.872,17.96,43.88,62.78
10-23,41.18,39.92,19.04,56.12,38.3,48.38,45.68,59.0,48.56,45.68,49.1,52.52,34.88,43.52,54.68,42.98,43.52,42.08,45.68,31.1,19.4,44.6,33.8,40.28,31.64,40.676,46.76,54.248,19.04,43.52,59.0
10-24,46.04,33.8,30.38,36.68,33.26,58.1,47.48,62.78,46.76,43.16,46.04,40.1,30.56,43.88,50.54,46.4,51.26,48.38,49.82,33.44,12.74,44.78,38.12,37.04,31.1,37.544,47.048,51.116,12.74,44.78,62.78
10-25,42.62,33.8,35.24,40.82,32.72,53.06,36.68,52.7,53.06,34.7,38.12,32.18,23.36,49.82,55.76,44.24,52.34,56.12,47.12,50.36,5.18,48.92,39.2,17.96,32.288,36.104,50.036,53.06,5.18,42.62,56.12
10-26,40.46,45.14,33.8,55.58,36.86,54.86,39.56,35.78,30.74,47.3,38.12,31.64,29.12,50.18,44.96,41.9,54.86,28.4,53.6,27.5,21.2,39.02,35.6,11.66,28.544,34.88,45.032,54.608,21.2,39.02,55.58
10-27,42.98,56.48,37.4,53.42,44.24,51.98,50.72,39.56,50.36,36.14,37.76,36.68,34.7,45.5,36.86,37.04,58.46,37.04,44.96,15.26,35.96,39.56,34.52,14.54,34.952,36.968,45.176,53.132,15.26,39.56,58.46
10-28,46.58,43.52,32.18,46.22,44.06,46.22,57.02,55.22,57.2,28.22,42.08,41.18,47.66,23.54,39.38,38.84,50.0,52.34,53.6,13.64,41.9,45.32,42.08,17.6,29.012,41.612,47.012,54.896,13.64,44.06,57.2
10-29,46.58,44.24,13.1,32.72,36.14,42.8,49.28,56.48,55.4,27.86,50.18,42.98,52.52,22.82,48.92,40.82,38.48,36.32,38.3,6.44,48.02,54.32,41.9,22.46,23.828,37.508,48.38,53.96,6.44,42.8,56.48
10-30,37.4,55.22,4.28,17.06,38.66,35.42,15.08,39.56,52.88,46.76,42.44,46.94,50.9,35.96,43.88,45.14,50.36,26.06,34.34,17.6,49.82,33.08,42.62,28.04,17.168,34.988,45.788,50.792,4.28,39.56,55.22
10-31,34.52,48.38,9.5,9.5,31.64,42.98,16.34,37.94,55.04,53.96,42.08,46.76,55.94,41.18,51.26,52.16,46.76,38.12,37.58,30.92,39.2,26.24,50.36,35.24,18.32,36.356,47.408,53.6,9.5,41.18,55.94
11-01,33.8,41.36,21.38,21.2,29.48,54.5,21.74,41.72,53.6,40.82,45.5,29.3,51.44,39.74,53.24,51.08,42.8,31.46,40.46,28.04,47.84,26.42,51.98,41.36,22.676,30.668,46.436,52.988,21.2,40.82,54.5
11-02,31.1,45.32,27.32,22.46,44.24,39.92,34.34,36.86,53.42,39.2,51.26,28.94,41.0,46.04,42.08,37.94,43.88,24.8,47.48,38.3,54.5,37.4,41.36,46.22,27.644,37.184,44.024,50.504,22.46,39.92,54.5
11-03,33.62,46.04,35.06,19.58,40.1,35.78,45.86,50.0,44.78,39.38,41.54,37.76,44.78,33.08,35.24,32.54,51.98,26.24,39.56,39.02,57.2,42.98,27.14,45.68,28.22,35.168,43.7,49.208,19.58,39.38,57.2
11-04,42.44,52.52,36.14,10.76,35.24,36.5,46.58,50.72,39.02,46.58,46.94,41.36,47.66,26.24,44.06,31.46,50.9,26.24,42.26,33.8,54.68,50.9,35.96,46.76,27.284,36.068,46.724,50.9,10.76,42.26,54.68
11-05,27.86,54.68,39.02,14.18,51.8,33.8,48.38,29.48,33.98,55.4,57.02,29.3,54.5,28.04,46.58,29.12,50.72,25.16,35.96,38.48,56.48,48.38,39.56,47.84,27.896,32.072,49.316,55.256,14.18,39.02,57.02
11-06,20.12,40.1,45.14,24.8,51.8,38.84,56.3,47.48,32.72,48.2,59.18,23.72,50.0,36.68,53.42,29.84,49.28,14.18,25.16,19.58,44.06,48.74,26.78,47.12,20.84,28.616,48.416,53.096,14.18,40.1,59.18
11-07,22.28,34.34,49.46,28.76,50.72,34.16,60.62,56.66,42.44,37.94,53.24,26.6,54.14,42.26,44.96,36.86,45.68,23.54,22.82,31.46,47.66,35.78,20.66,42.98,22.964,33.08,46.472,53.96,20.66,37.94,60.62
11-08,22.64,44.78,43.34,33.8,55.22,33.62,42.62,50.9,43.52,39.38,41.18,30.56,30.56,38.84,50.54,41.72,51.62,29.48,24.44,49.46,19.76,33.08,14.0,37.04,23.0,32.072,43.412,50.828,14.0,39.38,55.22
11-09,9.68,51.26,39.74,39.02,51.98,36.68,32.0,50.18,43.16,40.1,31.1,31.64,25.16,35.6,49.28,40.64,54.5,31.82,31.1,49.82,19.22,41.0,6.62,33.26,20.408,31.748,41.864,51.044,6.62,39.02,54.5
11-10,6.98,46.04,34.88,40.1,33.08,53.42,33.98,51.62,40.82,43.88,27.14,43.7,11.3,42.8,13.1,30.92,45.68,37.94,30.56,20.3,23.9,34.16,12.92,37.58,12.956,29.192,41.612,45.968,6.98,34.16,53.42
11-11,9.14,44.6,35.96,36.5,36.32,50.36,37.58,37.22,40.1,46.04,26.24,48.56,15.62,33.08,-1.3,32.9,49.28,34.52,22.82,21.74,20.3,30.56,19.94,42.62,16.484,24.872,37.364,48.056,-1.3,34.52,50.36
11-12,14.18,46.04,40.64,32.36,34.34,31.64,31.46,45.86,48.92,29.66,32.36,36.86,30.38,52.88,-4.72,31.1,54.32,32.72,24.08,45.32,22.1,43.7,27.32,42.98,22.496,30.812,41.864,48.344,-4.72,32.36,54.32
11-13,19.94,47.3,40.64,39.92,41.0,32.0,39.02,36.86,41.0,25.16,30.92,36.5,34.7,46.76,2.3,44.6,49.28,45.32,39.38,37.4,35.78,47.48,23.18,47.3,23.576,35.348,41.0,47.192,2.3,39.02,49.28
11-14,21.02,47.3,36.5,40.82,41.54,27.32,31.1,29.66,27.68,24.62,34.7,34.34,35.42,36.5,8.06,47.66,55.22,35.6,49.1,38.12,30.56,53.24,26.78,48.38,25.052,30.2,39.2,48.812,8.06,35.42,55.22
11-15,21.2,48.38,36.5,37.76,46.58,23.18,37.58,47.12,45.86,28.58,35.6,22.82,34.88,35.42,7.7,45.32,51.08,35.96,42.8,48.38,38.84,55.94,29.84,52.16,22.892,35.204,45.536,48.38,7.7,37.58,55.94
11-16,19.4,50.72,45.86,39.38,45.86,34.88,44.78,49.82,49.1,41.0,32.72,22.82,44.06,34.7,23.0,33.08,36.14,41.54,34.16,37.76,39.2,37.94,30.02,37.94,24.404,34.484,42.548,48.452,19.4,37.94,50.72
11-17,21.38,46.76,41.36,36.5,41.72,34.7,35.96,46.76,54.86,48.92,31.1,38.12,42.26,33.08,26.24,39.2,26.96,30.38,19.22,48.92,50.36,24.62,11.12,42.8,22.028,30.812,41.936,48.92,11.12,36.5,54.86
11-18,29.48,26.78,40.1,44.96,43.34,44.6,37.58,46.22,57.56,44.6,41.9,20.3,43.52,44.78,32.18,31.46,25.88,30.2,30.92,48.38,49.82,35.24,17.42,41.54,26.06,31.244,44.6,47.948,17.42,40.1,57.56
11-19,23.9,34.88,44.24,51.44,31.82,40.46,41.18,29.84,32.54,37.76,21.2,10.4,43.16,46.4,30.74,28.4,35.78,42.44,34.34,45.32,36.5,42.98,26.96,41.18,24.512,31.388,41.684,45.104,10.4,35.78,51.44
11-20,34.34,47.84,47.48,25.16,23.36,49.1,50.72,20.66,24.26,45.5,5.72,24.8,51.08,19.58,39.74,18.5,45.5,46.04,40.28,26.6,28.94,33.08,33.62,32.54,19.796,25.016,45.5,48.848,5.72,33.62,51.08
11-21,38.12,41.54,50.36,11.66,27.68,46.22,51.44,16.7,34.16,33.8,4.82,35.6,43.7,16.34,39.74,29.3,39.92,38.12,44.78,22.82,30.56,37.58,35.78,44.24,16.412,30.056,39.812,45.932,4.82,35.78,51.44
11-22,37.76,37.4,46.4,8.42,33.98,48.56,44.42,20.66,40.64,27.86,-0.94,42.44,28.58,23.72,41.18,42.44,32.9,53.96,41.36,37.58,30.2,48.38,39.38,45.32,21.272,31.82,41.792,47.984,-0.94,37.76,53.96
11-23,39.2,34.88,24.8,17.78,31.1,47.66,36.86,26.06,30.38,30.92,-6.7,48.2,39.2,32.0,33.44,41.54,35.42,56.12,36.32,44.78,32.72,42.44,35.42,23.36,25.052,31.64,39.2,47.084,-6.7,35.42,56.12
11-24,33.8,29.66,17.42,27.86,40.1,44.6,35.24,37.76,41.72,37.04,0.86,46.76,43.16,41.0,33.44,36.68,32.36,39.74,29.3,43.52,29.12,28.4,37.04,13.28,27.968,31.28,39.884,43.448,0.86,36.68,46.76
11-25,32.72,25.16,29.48,25.52,44.42,44.06,26.24,33.08,45.14,41.0,18.86,34.34,29.66,36.32,33.8,15.26,41.54,39.74,25.16,26.96,34.34,47.3,50.36,24.26,25.16,28.472,40.244,44.996,15.26,33.8,50.36
11-26,36.68,19.22,34.34,27.14,30.38,33.44,17.42,30.2,39.2,49.82,32.54,29.66,24.44,40.82,32.0,11.66,39.92,56.66,33.98,19.94,27.68,50.9,34.34,27.14,19.364,28.868,35.276,48.02,11.66,32.54,56.66
11-27,33.44,21.02,39.56,25.52,24.26,27.86,14.9,34.16,30.56,45.14,33.62,46.58,33.26,40.64,51.08,15.8,37.4,39.92,43.52,18.5,35.96,39.56,32.36,30.38,19.004,29.48,39.56,44.816,14.9,33.62,51.08
11-28,25.16,20.84,49.82,40.82,18.5,22.64,2.84,24.62,37.94,32.0,27.14,42.08,42.62,37.04,50.54,23.18,31.1,31.82,35.78,18.14,39.38,55.04,16.16,37.58,18.212,24.044,38.516,48.38,2.84,31.82,55.04
11-29,24.98,29.48,37.22,49.46,20.12,24.26,10.58,18.32,40.64,33.62,19.94,40.64,45.68,43.7,17.6,25.34,26.6,33.62,32.9,15.98,31.1,47.84,8.78,35.78,16.304,22.604,35.06,45.284,8.78,29.48,49.46
11-30,32.36,27.86,39.92,36.68,28.58,16.7,26.96,9.68,37.22,44.42,26.78,32.54,46.58,40.82,9.14,28.94,26.24,33.8,29.12,18.14,40.1,42.62,26.6,23.54,16.988,26.888,36.896,42.26,9.14,29.12,46.58
12-01,30.38,32.36,46.58,38.12,24.62,11.66,22.28,6.08,50.0,21.02,33.62,22.28,45.5,41.72,27.32,32.72,29.84,34.7,28.22,27.32,28.4,58.64,34.88,28.22,21.272,27.32,34.772,46.364,6.08,30.38,58.64
12-02,37.94,35.6,37.22,39.92,29.12,19.94,15.44,30.38,31.64,13.46,36.14,26.6,46.4,36.32,26.78,34.16,27.14,39.38,24.44,37.76,25.16,51.98,19.94,33.08,19.94,26.708,36.68,39.812,13.46,31.64,51.98
12-03,34.16,36.14,21.56,39.02,40.82,22.1,27.14,46.58,17.24,11.66,29.48,22.1,37.04,7.52,32.9,37.4,34.7,37.22,21.74,40.64,38.3,35.6,25.88,35.96,18.104,24.368,37.112,40.316,7.52,34.16,46.58
12-04,30.02,28.04,24.44,19.94,39.2,18.5,42.98,48.38,13.1,26.06,21.02,14.36,41.18,-0.76,42.98,41.36,33.8,21.2,21.92,36.68,41.18,41.36,30.74,42.44,15.188,21.632,39.992,42.656,-0.76,30.02,48.38
12-05,32.72,25.52,32.0,32.54,35.96,24.62,35.6,37.94,34.88,14.36,29.84,13.46,46.58,-2.38,40.64,33.98,16.52,25.52,18.14,31.82,41.0,21.38,28.4,51.8,14.792,25.16,34.34,40.1,-2.38,31.82,46.58
12-06,43.7,31.28,36.5,45.68,33.62,-0.04,30.74,30.2,47.3,0.5,33.98,30.2,29.66,-15.7,43.34,43.16,7.52,27.86,14.0,37.22,41.54,23.9,33.44,49.64,1.904,28.94,36.788,43.628,-15.7,31.28,47.3
12-07,32.18,31.1,35.24,33.8,36.5,7.88,42.44,17.78,47.12,-12.1,36.68,30.92,29.3,-17.86,40.64,46.58,0.5,38.12,26.24,42.44,43.52,30.56,30.2,40.82,1.976,29.84,37.256,43.304,-17.86,32.18,47.12
12-08,28.22,42.44,35.78,25.7,37.94,23.36,47.48,10.76,23.54,-10.48,42.08,22.82,20.3,4.1,41.0,49.64,1.04,43.52,28.04,29.12,50.18,38.12,27.68,30.38,5.432,23.468,39.272,46.688,-10.48,28.22,50.18
12-09,13.64,36.68,44.06,23.9,37.4,34.7,42.8,20.48,28.04,3.2,39.38,30.2,14.36,18.32,45.14,46.58,7.7,43.16,31.46,26.24,45.68,22.46,27.86,28.04,13.784,23.324,38.192,44.924,3.2,30.2,46.58
12-10,-2.2,23.9,40.64,18.5,49.64,33.8,38.3,21.56,44.42,20.3,34.34,41.54,26.78,22.82,45.5,35.06,27.86,44.24,39.38,28.22,28.58,21.74,31.46,39.2,20.552,25.628,38.732,44.384,-2.2,31.46,49.64
12-11,-0.76,19.04,32.54,23.0,49.28,39.2,37.22,23.0,32.54,28.58,29.3,32.36,35.06,24.98,47.66,29.66,25.34,41.72,35.06,32.72,22.28,34.7,35.06,33.44,22.424,27.284,35.06,41.216,-0.76,32.54,49.28
12-12,6.98,21.92,37.04,31.46,25.52,42.8,42.62,30.38,37.94,26.96,43.88,19.22,33.26,35.96,51.44,29.84,14.0,49.1,33.26,37.76,19.22,38.66,19.22,26.42,19.22,26.384,37.832,43.664,6.98,33.26,51.44
12-13,16.16,36.68,40.64,37.94,29.84,30.2,44.24,21.56,8.78,-3.46,45.68,29.48,30.38,32.72,43.88,36.14,15.26,33.8,33.62,33.26,20.48,37.22,20.12,30.74,15.44,26.312,36.356,43.232,-3.46,32.72,45.68
12-14,33.08,37.58,45.32,38.3,42.26,24.44,43.34,19.94,-17.32,13.64,41.36,29.66,34.52,38.12,29.66,26.24,11.12,31.82,40.46,26.96,26.78,41.54,22.82,36.32,14.9,26.564,38.192,42.116,-17.32,31.82,45.32
12-15,21.56,21.38,43.16,25.7,36.5,20.3,36.5,27.14,-15.34,34.88,29.66,29.66,26.24,50.0,23.18,21.38,11.48,44.42,41.9,23.72,28.04,21.38,17.42,36.86,17.996,21.488,31.748,42.908,-15.34,26.24,50.0
12-16,21.92,33.26,39.38,37.04,36.68,12.92,20.84,29.66,11.48,39.74,23.18,30.38,24.44,46.4,24.8,20.66,-3.64,27.5,42.26,21.56,34.88,21.74,21.38,47.3,14.468,21.668,33.908,39.668,-3.64,24.8,46.4
12-17,33.44,37.94,32.54,37.4,43.16,2.3,19.76,33.08,19.58,36.32,14.36,41.18,32.9,51.26,29.3,17.78,-3.1,26.96,45.5,37.76,37.4,15.62,23.72,38.48,14.612,22.136,37.4,42.764,-3.1,32.9,51.26
12-18,25.88,24.98,27.14,34.52,41.0,5.9,27.32,34.88,17.6,31.28,11.66,39.38,21.92,44.42,30.74,32.72,14.9,42.26,40.82,37.94,30.56,29.48,5.0,45.68,12.308,25.52,34.664,40.964,5.0,30.56,44.42
12-19,35.24,30.38,24.8,47.48,47.66,28.94,33.08,39.2,3.92,38.48,18.14,27.32,17.6,11.66,36.32,39.02,32.9,36.68,35.06,35.6,37.94,34.88,2.48,45.14,12.848,28.292,36.464,39.164,2.48,34.88,47.66
12-20,12.92,24.08,21.38,45.86,32.0,42.08,31.46,37.04,-7.06,41.54,26.42,37.4,34.7,22.28,35.42,28.94,37.4,28.22,38.48,42.8,45.5,29.3,9.14,42.98,14.612,27.5,37.4,42.656,-7.06,32.0,45.86
12-21,21.92,29.12,21.56,34.34,22.46,49.64,37.58,21.74,8.6,41.72,26.24,25.52,35.96,24.26,39.2,31.28,28.94,19.22,34.7,48.74,46.76,43.16,-18.04,42.8,19.688,23.54,36.608,46.04,-18.04,29.12,49.64
12-22,30.2,22.64,23.9,32.72,12.56,50.18,28.4,23.18,13.46,30.56,30.74,22.64,33.08,18.32,31.82,29.12,30.92,14.54,23.36,44.96,34.16,41.54,-14.98,40.46,13.676,22.964,31.28,40.064,-14.98,29.12,50.18
12-23,28.58,26.6,19.22,42.8,9.86,41.54,31.64,33.98,7.52,13.82,33.62,32.72,31.82,36.14,29.12,21.2,32.54,6.08,34.34,40.46,25.34,41.18,12.02,30.92,10.292,23.684,33.764,41.036,6.08,31.64,42.8
12-24,29.48,31.1,18.68,41.0,37.4,49.1,29.48,33.98,24.62,20.48,35.06,37.04,9.5,31.28,38.66,25.16,23.0,8.78,31.82,34.34,37.04,24.26,41.18,19.58,19.04,24.944,35.852,40.532,8.78,31.28,49.1
12-25,25.52,32.72,21.02,34.7,40.28,53.06,40.28,21.74,27.86,21.74,43.34,42.08,15.98,36.5,20.48,12.2,14.72,2.12,24.26,30.02,40.82,22.64,41.54,25.52,14.972,21.74,38.012,41.972,2.12,27.86,53.06
12-26,36.86,32.18,31.1,27.86,35.96,44.24,42.62,21.2,16.16,21.38,41.0,33.44,20.84,45.68,18.14,15.8,19.94,8.78,21.38,24.08,37.94,15.8,45.14,31.64,15.872,21.056,36.32,43.916,8.78,27.86,45.68
12-27,43.34,30.56,43.88,25.88,32.0,39.74,38.84,18.86,29.66,24.98,32.0,39.2,22.64,48.2,19.58,26.78,30.38,26.24,17.24,22.1,30.38,8.6,45.32,32.0,19.004,25.52,34.736,43.772,8.6,30.38,48.2
12-28,28.58,21.56,44.42,21.74,37.4,40.82,26.96,22.64,40.82,27.68,34.88,45.14,23.36,28.4,21.92,26.96,27.68,30.56,15.98,22.46,25.52,10.58,34.34,39.74,21.596,23.072,32.072,40.82,10.58,27.68,45.14
12-29,27.32,14.9,38.48,17.42,37.76,35.6,21.2,25.16,37.4,26.6,24.8,40.28,24.62,32.18,0.86,16.7,36.5,1.4,34.34,17.78,23.36,6.98,26.96,37.76,8.564,19.832,33.044,37.688,0.86,25.16,40.28
12-30,31.82,18.68,32.0,19.76,34.34,34.52,30.02,25.7,22.64,24.08,1.22,43.16,19.76,38.48,-2.56,16.88,33.98,0.86,31.1,23.54,30.74,21.56,31.82,36.68,4.352,20.84,31.82,34.484,-2.56,25.7,43.16
12-31,30.56,15.44,38.3,32.54,7.88,43.7,27.68,21.56,35.78,29.84,-0.04,26.24,20.3,40.1,23.72,21.38,23.54,3.92,4.1,35.6,32.18,-3.64,31.28,37.22,3.956,20.948,31.64,37.796,-3.64,26.24,43.7
01-01,32.0,18.86,33.98,29.84,4.82,38.3,33.26,20.84,27.86,33.26,13.46,25.16,24.98,27.86,29.84,30.74,13.64,19.4,15.26,40.82,31.1,9.5,27.86,32.54,13.496,20.264,30.884,33.836,4.82,27.86,40.82
01-02,39.02,30.2,45.32,19.94,26.06,38.3,44.78,42.62,36.14,36.32,21.92,44.42,25.34,35.6,35.24,29.66,-3.46,28.4,30.56,32.36,34.88,32.72,24.44,30.74,22.424,29.156,36.212,44.06,-3.46,32.72,45.32
01-03,45.14,35.78,44.42,-0.04,23.0,33.62,43.7,44.6,14.18,31.28,21.38,44.6,34.7,35.78,7.7,34.7,-4.36,35.06,41.54,37.04,39.02,40.28,23.18,30.38,8.996,28.04,39.524,44.564,-4.36,35.06,45.14
01-04,45.32,29.12,43.88,-11.38,1.94,33.8,29.48,41.72,15.8,30.56,28.94,48.02,34.88,15.44,2.48,40.64,1.4,37.4,42.98,39.2,39.92,20.3,25.34,31.64,2.048,23.324,39.488,43.7,-11.38,30.56,48.02
01-05,46.76,30.56,40.1,-3.64,4.28,44.06,26.78,37.58,30.74,26.42,40.64,47.66,30.56,3.56,35.78,38.12,6.62,41.36,39.92,27.5,33.26,-7.24,28.76,27.86,3.704,27.212,38.84,43.52,-7.24,30.74,47.66
01-06,33.26,36.86,40.46,16.16,22.64,50.36,28.22,30.74,34.52,2.48,46.94,29.48,38.3,32.9,26.96,35.6,15.26,40.82,36.86,34.52,36.14,18.14,33.08,28.22,16.556,28.976,36.428,40.748,2.48,33.26,50.36
01-07,31.28,51.26,49.82,31.82,13.46,46.76,32.9,24.44,47.3,13.28,34.16,25.34,37.04,34.34,30.56,24.8,22.46,36.5,30.74,41.18,33.98,41.18,33.62,21.2,22.856,30.668,36.716,47.192,13.28,33.62,51.26
01-08,41.72,47.84,41.72,39.56,25.16,29.84,32.54,25.52,43.52,35.24,32.18,31.64,40.46,33.8,20.48,19.22,31.1,40.64,25.88,37.76,30.2,29.3,37.22,16.88,25.232,30.056,38.48,41.72,19.22,32.54,47.84
01-09,40.1,34.88,20.84,41.36,12.74,31.64,42.98,29.12,32.72,41.54,10.76,42.26,43.16,34.34,24.26,21.38,41.0,46.04,40.28,23.0,25.16,30.92,37.4,30.38,20.948,27.536,40.568,42.836,10.76,34.34,46.04
01-10,34.16,35.96,18.5,45.68,27.68,43.34,33.98,32.18,37.22,40.46,1.58,35.96,31.28,36.68,38.84,25.88,21.02,25.16,39.38,16.88,28.94,40.82,33.62,21.92,19.004,28.436,36.896,40.748,1.58,33.98,45.68
01-11,30.38,35.96,31.28,36.5,26.06,37.94,-6.7,34.88,37.76,43.34,5.9,17.6,7.52,42.44,26.24,31.28,4.82,20.66,32.9,28.4,36.5,40.46,31.1,-0.94,6.224,26.168,36.176,39.956,-6.7,31.28,43.34
01-12,30.92,41.36,39.2,40.1,24.08,29.84,0.14,30.74,29.48,45.32,31.28,28.22,8.42,33.98,24.98,36.86,18.5,26.96,35.96,28.58,45.14,50.18,35.06,-22.0,19.616,28.436,36.32,44.384,0.14,30.92,50.18
01-13,25.88,30.74,39.92,43.7,-4.0,39.74,10.94,33.26,41.72,41.54,43.52,40.28,8.78,40.46,25.16,42.08,23.18,34.7,39.92,23.36,41.36,45.68,44.24,-17.32,13.388,28.796,41.432,43.664,-4.0,39.92,45.68
01-14,24.44,20.12,31.1,44.06,-0.22,45.5,9.14,41.0,32.18,36.32,45.86,43.16,12.2,31.1,32.0,34.34,27.68,33.8,37.94,10.22,27.32,31.82,41.0,-9.58,10.616,27.536,36.968,43.88,-0.22,32.0,45.86
01-15,18.14,15.44,27.5,40.82,13.1,33.98,24.08,24.26,38.3,43.7,42.98,27.86,32.54,47.84,42.62,25.52,30.74,18.32,31.28,19.04,35.6,39.92,33.98,-6.16,18.176,25.016,36.68,42.908,13.1,31.28,47.84
01-16,18.68,16.34,27.5,36.14,30.2,26.6,33.08,12.2,45.5,44.42,47.12,7.88,34.88,32.72,42.98,21.74,29.3,30.02,32.54,33.8,32.54,40.82,30.38,20.84,16.808,28.58,34.232,44.132,7.88,32.54,47.12
01-17,27.32,17.6,28.4,34.34,40.46,41.72,24.62,25.34,45.5,38.84,43.16,20.48,41.54,39.2,44.06,31.28,40.64,39.74,26.24,31.82,36.68,50.0,28.22,23.18,24.764,28.328,40.532,43.88,17.6,36.68,50.0
01-18,27.86,17.78,35.96,35.78,53.6,33.26,20.84,18.86,47.84,37.4,32.9,9.32,48.56,41.54,47.48,37.4,45.86,48.2,32.72,27.14,29.84,26.96,25.52,2.3,19.256,27.572,39.056,48.128,9.32,33.26,53.6
01-19,32.18,29.12,51.44,33.98,57.02,28.04,33.98,26.78,49.28,35.24,21.2,30.38,40.82,49.46,35.78,32.72,38.84,33.08,39.2,31.46,26.42,13.1,29.12,16.7,26.492,29.876,37.004,49.424,13.1,33.08,57.02
01-20,29.84,28.04,38.66,28.94,53.96,31.64,30.56,1.94,49.82,32.18,28.04,32.9,27.5,33.98,29.3,33.44,31.82,24.62,36.32,39.56,39.02,33.08,27.32,40.28,27.356,29.156,33.656,39.452,1.94,31.82,53.96
01-21,39.02,32.36,10.76,28.94,40.82,28.04,24.62,-1.48,46.22,32.18,37.94,41.54,40.64,39.74,24.98,34.16,29.66,24.26,28.4,42.98,25.7,31.28,32.0,41.0,24.332,28.256,38.372,41.396,-1.48,32.0,46.22
01-22,32.54,19.94,4.46,39.02,38.3,25.88,33.08,20.3,36.32,23.9,31.28,30.02,41.9,27.14,36.32,44.96,31.28,28.04,25.34,34.7,22.82,34.7,28.76,38.66,20.804,26.636,34.7,38.876,4.46,31.28,44.96
01-23,30.38,23.18,37.22,40.46,52.34,41.18,38.12,20.3,2.84,20.66,37.76,31.28,44.96,29.12,37.76,39.92,24.26,26.42,28.4,35.24,19.22,41.18,26.06,38.12,20.372,26.276,37.904,41.18,2.84,31.28,52.34
01-24,29.66,37.58,37.4,35.78,50.18,42.98,42.62,26.6,0.86,24.8,30.74,31.64,43.16,41.9,44.6,34.7,20.66,38.84,23.0,38.84,22.28,29.66,25.88,36.32,22.424,28.436,38.84,43.124,0.86,34.7,50.18
01-25,31.46,42.26,35.06,11.3,43.88,46.22,45.14,31.82,-2.02,22.82,36.32,43.7,41.36,43.7,51.62,28.94,21.56,36.68,27.32,36.14,16.88,26.06,30.02,35.96,17.816,28.292,41.72,44.888,-2.02,35.06,51.62
01-26,23.72,37.76,49.82,20.84,40.1,40.46,30.2,38.66,-0.04,23.18,40.64,38.12,42.44,25.34,55.94,33.98,21.2,31.28,38.12,35.78,14.9,29.84,35.24,32.0,20.912,28.04,38.336,42.08,-0.04,35.24,55.94
01-27,27.14,20.66,41.18,11.48,41.36,30.38,20.3,39.92,23.0,24.26,47.48,26.6,29.3,14.36,52.88,43.52,29.48,32.72,38.84,33.62,24.98,24.44,30.56,39.02,20.372,24.764,35.708,43.088,11.48,29.48,52.88
01-28,34.52,14.18,32.36,35.6,39.38,31.1,30.92,18.86,29.84,27.86,46.76,34.16,24.08,26.24,41.0,46.4,43.52,35.24,18.86,34.34,34.16,37.76,3.92,45.68,18.86,29.048,35.384,43.016,3.92,34.16,46.76
01-29,33.8,11.48,36.5,40.28,37.04,31.1,22.46,22.82,32.72,34.7,36.68,48.56,17.96,37.04,34.16,39.92,50.54,47.3,19.22,33.26,36.86,40.82,-10.66,44.24,18.212,32.072,37.04,46.004,-10.66,34.7,50.54
01-30,28.94,14.9,39.92,39.74,33.62,42.44,22.64,24.44,44.96,29.66,9.32,39.92,28.4,13.82,35.42,28.94,44.24,39.56,29.12,32.9,30.2,40.28,3.74,47.3,14.036,28.724,39.632,42.008,3.74,30.2,44.96
01-31,30.02,24.26,48.92,26.42,36.5,34.16,18.68,29.48,39.2,20.12,-5.44,36.68,31.1,21.92,26.42,25.34,20.66,23.54,37.22,46.58,30.92,32.54,21.74,46.58,20.228,23.972,33.188,38.804,-5.44,29.48,48.92
02-01,34.52,27.68,40.28,22.64,36.14,38.84,5.72,28.22,25.88,30.38,-2.56,35.42,34.16,11.12,22.28,21.92,8.6,26.24,44.24,52.7,39.74,12.2,32.18,42.98,9.104,22.496,34.88,40.172,-2.56,28.22,52.7
02-02,36.86,25.52,26.6,24.26,41.9,35.96,21.56,23.54,41.18,31.64,24.26,30.74,32.72,16.16,40.1,19.4,2.66,40.46,44.6,27.86,45.5,-3.46,36.14,41.36,16.808,24.26,36.428,41.756,-3.46,30.74,45.5
02-03,30.2,33.44,25.16,21.92,50.72,34.88,26.06,23.18,44.24,32.9,37.22,24.98,39.74,5.9,34.34,23.0,27.68,26.78,3.38,14.72,29.66,19.04,44.42,35.6,15.584,24.26,33.8,43.34,3.38,27.68,50.72
02-04,36.32,29.3,21.56,29.48,50.18,38.12,41.72,18.14,47.66,30.02,43.7,29.48,42.08,-8.5,28.58,31.46,37.94,28.22,-8.5,13.82,27.86,34.16,38.3,30.56,14.684,28.436,38.012,43.376,-8.5,30.02,50.18
02-05,33.08,37.76,18.14,25.52,31.1,31.64,51.98,21.92,45.32,30.38,31.64,34.16,39.02,-17.32,49.82,31.82,43.16,15.08,-5.98,23.9,24.08,35.6,38.66,36.14,15.692,24.944,36.464,44.888,-17.32,31.64,51.98
02-06,15.98,40.64,13.64,29.3,16.52,30.2,39.74,26.24,41.36,30.02,20.66,24.08,34.52,-8.5,55.94,40.1,31.1,23.36,-7.78,28.58,10.04,32.36,34.34,35.6,10.76,22.28,33.152,40.532,-8.5,29.3,55.94
02-07,3.56,42.8,26.06,32.0,11.84,40.1,26.06,30.74,34.7,24.62,14.36,17.78,32.18,17.96,50.9,32.54,13.64,39.38,5.36,27.32,-2.56,43.88,37.22,31.28,6.656,17.888,33.404,42.26,-2.56,27.32,50.9
02-08,3.74,33.26,21.02,28.22,24.44,49.64,20.48,32.18,35.96,13.64,3.56,26.96,32.18,9.32,46.94,41.54,25.7,32.72,15.44,30.2,0.68,38.48,31.46,30.02,4.856,20.804,32.396,40.928,0.68,28.22,49.64
02-09,14.18,26.78,30.02,27.86,30.38,23.54,20.12,10.04,35.42,19.76,16.34,35.78,28.4,7.34,45.5,47.66,48.92,3.38,-4.0,23.36,-6.16,38.3,26.78,27.68,4.172,18.392,30.164,44.06,-6.16,26.78,48.92
02-10,25.52,39.56,30.56,29.84,38.12,15.26,34.52,38.84,26.96,24.62,26.42,17.6,20.48,30.56,39.02,51.8,42.44,17.06,0.14,21.56,-4.18,46.22,35.78,23.0,15.62,23.396,36.716,41.864,-4.18,29.84,51.8
02-11,18.68,36.68,28.04,17.78,45.5,29.84,35.24,33.98,23.72,30.74,37.4,13.28,21.74,34.16,36.86,46.4,31.64,17.24,22.46,27.86,-15.52,23.54,33.26,31.46,17.348,23.108,34.052,37.292,-15.52,29.84,46.4
02-12,25.52,23.18,33.44,35.6,41.72,39.74,10.04,38.66,24.62,38.12,48.38,32.72,29.48,40.82,47.84,41.9,33.62,3.38,36.14,20.48,-9.4,30.02,36.14,35.24,12.128,27.896,38.336,41.864,-9.4,33.62,48.38
02-13,11.12,36.32,37.4,39.92,38.3,40.82,10.76,32.54,21.02,31.82,44.42,32.9,37.4,40.28,46.76,41.18,37.58,30.02,34.34,27.14,-11.38,39.38,41.54,30.92,13.1,32.252,39.596,41.468,-11.38,37.4,46.76
02-14,19.76,27.68,30.38,37.94,25.16,23.36,10.58,25.34,18.86,24.62,46.22,26.6,24.26,37.22,46.22,39.2,41.18,36.32,21.2,32.0,-7.78,41.54,19.04,19.58,18.896,23.9,36.68,41.468,-7.78,26.6,46.22
02-15,11.3,33.8,35.06,34.52,19.22,10.4,37.04,32.18,26.78,31.46,48.56,24.62,32.0,39.38,30.92,42.62,51.26,15.62,28.4,30.2,24.08,32.18,13.82,13.1,14.18,25.916,34.088,41.972,10.4,31.46,51.26
02-16,4.64,40.64,38.84,34.52,21.92,-2.02,36.86,37.76,34.88,36.68,43.52,31.28,40.46,41.0,26.24,42.8,50.0,26.42,24.44,31.64,26.6,20.12,23.36,10.04,20.48,26.348,38.192,42.44,-2.02,34.52,50.0
02-17,30.56,39.92,34.52,44.78,28.4,-16.06,37.94,25.7,33.8,32.54,30.02,31.46,32.36,40.1,28.04,47.48,41.72,32.36,5.0,22.46,20.3,29.3,29.84,25.34,20.732,28.94,34.088,41.396,-16.06,31.46,47.48
02-18,37.58,33.62,32.36,46.76,26.6,0.32,41.18,37.4,32.9,26.24,24.44,33.62,23.36,35.42,39.56,45.32,42.8,7.7,1.4,18.14,17.96,32.54,31.1,32.36,9.752,25.52,36.212,42.476,0.32,32.54,46.76
02-19,29.84,33.98,32.72,33.26,34.34,13.28,32.36,42.08,35.96,22.28,7.34,27.86,23.9,32.18,45.5,43.52,43.88,-6.7,10.94,15.62,32.18,42.26,31.64,39.02,11.408,26.276,34.124,43.268,-6.7,32.18,45.5
02-20,17.96,34.88,34.16,30.74,27.86,23.9,40.46,39.92,23.0,17.06,2.48,26.96,25.7,28.4,32.9,35.24,44.06,0.32,17.78,28.58,27.5,30.02,33.62,41.0,17.204,24.98,33.188,38.984,0.32,28.4,44.06
02-21,33.98,41.0,34.52,31.1,32.0,26.78,30.02,38.12,32.54,14.36,20.12,40.28,24.08,23.9,17.42,31.28,43.16,12.38,9.5,37.76,34.88,-4.18,20.3,37.04,12.776,22.46,34.196,39.848,-4.18,31.1,43.16
02-22,30.56,49.28,12.56,30.92,30.38,31.82,38.48,36.86,41.54,26.96,25.16,39.02,28.76,15.98,6.62,33.98,32.9,11.84,15.08,37.76,46.22,-14.26,-10.48,37.22,7.664,21.488,35.132,41.036,-14.26,30.56,49.28
02-23,29.12,23.54,-6.34,34.16,35.78,36.68,32.18,36.14,45.68,32.9,13.64,24.62,30.02,10.22,27.68,31.28,22.46,15.44,19.4,36.5,29.3,-9.04,-15.7,38.12,-3.028,21.236,32.468,36.428,-15.7,29.12,45.68
02-24,25.88,4.82,6.26,40.64,40.64,26.78,24.62,33.08,42.26,37.04,-4.36,27.86,27.32,8.42,40.64,29.12,21.02,25.7,-0.04,28.58,20.3,10.4,9.86,43.34,5.108,16.34,28.796,40.64,-4.36,25.88,42.26
02-25,26.06,3.74,24.26,39.92,42.8,27.68,30.38,26.24,34.7,34.7,-2.2,34.52,32.18,11.84,23.36,36.68,18.32,28.22,-7.78,21.56,27.5,13.46,32.9,45.5,5.36,22.64,32.468,36.284,-7.78,27.5,42.8
02-26,17.6,16.7,26.42,40.46,39.56,45.14,29.48,31.28,11.84,35.06,21.02,26.24,27.14,26.78,4.28,45.68,23.0,27.14,-3.46,33.98,28.58,23.9,41.0,34.16,12.812,23.54,32.36,40.892,-3.46,27.14,45.68
02-27,16.16,23.9,24.44,37.22,33.08,50.0,26.24,41.0,19.58,38.3,25.52,21.56,29.48,38.66,14.36,47.12,20.84,22.28,14.36,35.78,22.82,39.56,29.66,12.2,16.844,22.604,36.356,40.712,14.36,26.24,50.0
02-28,31.82,13.64,24.62,30.2,37.58,48.38,25.16,38.3,28.22,38.48,34.16,22.46,34.34,7.16,12.92,42.08,24.62,25.16,24.08,41.36,24.26,46.4,27.32,31.1,15.404,24.62,35.636,41.936,7.16,28.22,48.38
02-29,,,,28.22,,,,41.54,,,,30.56,,,,37.04,,,,39.38,,,,42.62,15.404,24.62,35.636,41.936,7.16,28.22,48.38
03-01,36.68,9.68,18.68,26.24,38.84,38.66,21.74,41.54,45.14,39.74,33.08,27.86,44.06,-13.0,17.06,37.58,31.64,31.46,16.34,26.24,37.76,49.82,22.82,33.26,16.484,24.872,38.12,43.556,-13.0,31.64,49.82
03-02,34.16,14.0,28.22,25.16,40.46,28.22,21.74,29.12,50.0,42.08,39.74,27.5,49.46,11.66,25.88,40.64,34.88,33.62,-8.32,34.34,42.08,44.06,30.74,32.72,15.548,27.932,40.028,43.664,-8.32,33.62,50.0
03-03,25.7,23.72,17.42,26.6,41.54,30.92,31.82,35.78,43.7,42.62,37.22,40.64,37.94,41.0,8.06,44.96,43.16,27.86,-5.44,44.24,40.46,48.2,24.08,26.96,18.68,27.356,41.216,44.132,-5.44,37.22,48.2
03-04,30.02,37.94,9.68,30.92,40.82,33.62,40.82,28.58,39.56,39.38,30.38,46.58,19.94,38.66,15.62,43.16,45.14,20.84,5.72,39.56,40.28,29.66,23.9,25.88,16.484,29.228,39.56,42.692,5.72,33.62,46.58
03-05,40.82,33.62,27.32,31.64,44.24,37.04,44.24,22.64,33.8,37.4,32.36,45.68,24.26,44.96,35.24,49.64,40.46,25.88,17.96,39.38,44.06,21.92,20.84,27.14,22.064,29.912,40.604,44.816,17.96,35.24,49.64
03-06,40.28,4.28,19.04,28.58,44.96,46.22,44.6,30.38,18.68,37.94,16.52,29.66,38.12,44.24,43.88,48.2,27.68,24.8,12.74,50.0,44.78,17.06,17.78,23.18,16.628,22.496,44.024,45.968,4.28,30.38,50.0
03-07,39.38,1.04,10.04,43.7,41.36,38.84,47.66,37.76,30.92,41.18,16.34,23.18,37.04,36.32,43.34,38.12,29.3,33.26,33.62,48.56,37.58,23.54,18.86,22.82,16.844,30.272,39.056,43.628,1.04,37.04,48.56
03-08,43.52,5.0,1.22,47.66,41.0,33.98,44.06,35.42,21.56,42.26,27.86,35.96,33.26,43.16,39.74,37.58,38.3,41.18,26.42,32.54,36.14,13.46,15.62,28.94,13.892,30.668,40.244,43.448,1.22,35.96,47.66
03-09,37.04,25.52,20.66,50.18,51.08,30.2,43.34,36.14,2.84,34.16,39.2,48.74,32.0,52.16,43.16,35.6,21.56,40.82,23.0,30.02,31.1,2.84,15.08,41.54,16.196,28.22,39.848,49.892,2.84,34.16,52.16
03-10,27.32,36.14,42.44,28.04,39.38,23.0,41.36,41.72,-1.12,30.38,48.38,50.0,39.74,39.2,45.86,49.46,37.22,31.46,23.36,36.14,30.38,10.58,25.7,44.42,23.072,29.444,40.388,47.876,-1.12,36.14,50.0
03-11,31.46,41.0,45.86,38.12,53.24,24.26,51.98,45.68,15.26,32.36,37.22,48.38,32.36,30.56,49.46,44.42,39.92,32.72,30.74,42.08,29.84,26.96,24.26,40.46,24.8,31.172,43.016,49.244,15.26,37.22,53.24
03-12,37.4,37.94,46.94,47.3,31.82,15.8,58.28,37.04,25.34,41.72,33.62,43.34,34.7,33.26,46.76,47.3,38.48,37.22,33.98,26.78,33.08,46.04,23.18,39.74,25.628,33.476,42.368,47.228,15.8,37.22,58.28
03-13,42.26,28.58,53.24,33.26,26.24,22.46,49.82,34.34,36.5,40.82,40.46,47.66,49.82,38.48,44.96,46.04,44.96,39.56,26.78,24.44,36.86,40.1,37.4,32.0,26.348,35.636,43.34,49.388,22.46,39.56,53.24
03-14,28.76,24.98,50.36,34.88,23.9,31.82,35.96,29.48,42.26,33.26,43.7,40.46,51.98,41.9,53.24,38.48,49.64,45.86,26.24,24.08,39.02,37.22,42.08,30.38,25.232,32.684,42.152,50.216,23.9,38.48,53.24
03-15,28.76,25.16,48.02,40.1,28.58,29.66,34.34,30.92,44.06,41.36,43.16,50.9,48.92,39.38,59.36,33.44,55.22,40.1,31.64,12.92,39.74,44.24,31.46,35.78,28.616,31.568,43.52,50.504,12.92,39.74,59.36
03-16,30.92,20.84,43.34,46.4,38.3,33.08,48.02,30.2,41.18,50.54,36.86,48.74,40.64,48.74,40.1,31.1,44.96,34.88,34.34,22.1,33.26,33.62,25.7,41.54,26.6,33.188,42.044,48.596,20.84,36.86,50.54
03-17,35.06,10.94,35.78,45.5,31.1,37.58,54.5,33.62,32.18,50.36,31.46,47.66,31.64,37.4,31.28,25.88,41.36,31.46,35.6,33.26,36.86,33.26,25.88,39.02,26.924,31.568,37.076,47.228,10.94,33.62,54.5
03-18,37.58,17.06,31.1,50.18,28.22,32.18,47.12,39.02,34.52,33.08,35.24,41.54,28.76,29.3,38.48,22.28,56.3,32.0,34.34,24.44,42.26,39.92,32.36,46.94,25.196,31.64,38.696,46.148,17.06,34.34,56.3
03-19,47.12,27.86,34.88,46.94,29.3,24.44,44.96,35.6,42.26,25.52,38.84,31.28,29.3,33.08,42.26,29.12,50.36,32.54,37.4,21.02,46.22,45.68,34.88,44.96,25.988,30.488,42.26,46.796,21.02,34.88,50.36
03-20,37.22,2.84,38.3,34.16,36.14,21.38,50.9,33.08,46.4,34.16,39.2,32.9,41.54,33.26,52.52,47.12,34.52,36.68,41.9,25.34,34.16,32.54,30.02,40.46,26.276,33.188,38.66,46.976,2.84,34.52,52.52
03-21,42.44,12.74,40.82,39.92,39.92,23.54,38.3,31.28,48.92,46.22,38.84,45.5,31.1,21.02,52.7,47.66,31.46,39.56,39.56,33.8,30.56,28.4,25.88,34.34,24.008,31.208,40.28,47.372,12.74,38.84,52.7
03-22,41.0,40.28,47.66,46.4,37.94,31.46,47.48,30.02,43.7,36.86,32.0,51.26,22.1,15.26,45.5,35.78,45.5,46.4,39.74,34.34,32.54,35.06,25.88,26.06,26.708,33.62,44.42,47.264,15.26,37.94,51.26
03-23,24.08,27.14,37.58,52.16,24.44,38.48,46.04,39.56,32.0,35.24,30.02,44.6,18.32,26.6,44.96,34.52,39.74,43.16,42.8,42.08,28.4,45.86,32.0,25.88,24.872,31.208,42.368,45.68,18.32,37.58,52.16
03-24,24.26,22.64,33.62,51.44,16.88,46.4,50.9,41.9,32.54,38.48,27.14,35.06,20.48,22.82,35.96,37.58,45.32,38.12,39.02,33.8,30.92,46.58,32.36,19.22,22.676,31.784,38.696,46.544,16.88,35.06,51.44
03-25,28.22,31.1,37.94,43.34,27.14,50.0,52.7,29.66,27.86,42.08,29.48,45.32,29.3,38.48,38.3,31.82,40.28,32.18,40.46,29.84,33.08,38.66,26.06,20.12,27.932,29.768,39.308,44.924,26.06,33.08,52.7
03-26,37.22,39.92,33.08,41.9,36.68,39.38,42.08,28.4,14.9,39.74,33.62,48.02,37.4,37.76,49.46,33.98,41.54,32.9,47.84,28.76,33.44,44.6,22.46,28.76,28.472,33.548,40.568,47.192,14.9,37.4,49.46
03-27,32.0,36.5,28.76,38.66,46.94,37.58,41.36,26.96,28.04,39.74,28.94,44.78,41.0,31.64,56.48,41.0,41.36,40.1,38.66,28.94,40.28,48.2,22.1,36.14,28.184,31.856,41.0,46.508,22.1,38.66,56.48
03-28,39.74,33.62,29.3,39.56,45.86,48.74,31.1,27.68,35.78,47.84,31.46,48.02,45.32,37.04,52.88,35.06,39.02,36.86,31.82,34.52,51.44,56.84,24.98,39.56,29.66,34.16,45.536,50.9,24.98,37.04,56.84
03-29,39.38,32.9,34.34,46.58,37.58,43.52,26.6,27.32,29.3,50.0,36.68,44.24,43.34,44.06,46.04,32.9,44.96,34.88,31.1,39.74,31.82,33.08,22.46,34.16,27.716,32.9,43.412,45.824,22.46,36.68,50.0
03-30,29.48,32.72,49.82,54.86,33.08,39.02,29.12,25.16,24.62,34.34,44.06,54.32,42.44,32.9,52.16,37.94,39.56,38.12,33.26,43.52,23.9,38.12,26.24,29.12,25.376,32.828,40.712,51.692,23.9,37.94,54.86
03-31,34.34,44.24,53.42,57.74,35.6,42.26,43.7,22.64,30.2,34.52,50.54,58.28,42.08,26.6,56.66,32.72,36.5,12.56,39.02,35.24,32.36,34.52,32.18,29.48,27.32,33.692,42.836,56.012,12.56,35.6,58.28
04-01,40.1,24.08,45.5,41.36,48.02,44.96,36.86,24.8,31.28,29.66,45.86,47.3,39.74,26.06,35.78,41.18,42.62,32.54,36.68,18.68,48.74,33.26,36.68,35.96,25.052,32.972,41.864,47.012,18.68,36.86,48.74
04-02,38.48,11.3,34.52,31.1,48.74,37.4,30.02,30.02,34.7,34.34,45.14,35.24,47.12,29.66,28.76,51.26,39.38,22.28,35.06,12.92,54.5,38.48,28.58,47.84,23.54,30.02,38.48,48.416,11.3,34.7,54.5
04-03,32.9,21.92,31.1,38.12,46.76,45.14,27.86,35.6,30.92,32.36,26.96,43.34,46.4,34.7,36.5,50.54,32.18,27.14,39.74,26.42,55.4,40.82,26.42,54.14,26.528,31.028,40.172,46.688,21.92,34.7,55.4
04-04,30.56,36.14,30.02,52.52,39.38,51.26,29.84,43.34,25.34,32.72,35.6,50.36,49.46,38.12,41.18,48.92,31.82,36.14,47.48,32.0,54.68,41.18,22.1,50.9,29.876,32.432,44.996,51.08,22.1,38.12,54.68
04-05,39.02,45.32,34.52,51.8,42.08,49.28,28.58,34.34,28.22,36.14,38.66,36.32,47.12,37.22,33.62,41.54,42.26,24.44,46.4,38.84,37.4,31.82,23.18,44.78,28.292,34.448,41.756,46.976,23.18,37.4,51.8
04-06,42.44,48.02,31.1,49.64,50.54,39.92,23.9,35.06,41.72,33.8,35.6,29.3,44.06,39.38,30.92,50.0,51.44,14.18,46.94,44.78,34.16,33.98,32.0,34.7,29.624,33.908,44.348,49.928,14.18,39.38,51.44
04-07,40.82,40.1,36.5,44.96,55.94,37.22,22.64,33.8,46.76,37.22,32.72,31.28,40.28,44.24,37.22,47.48,53.42,32.18,50.0,48.56,44.42,38.84,43.88,35.42,32.288,37.22,44.636,49.712,22.64,40.28,55.94
04-08,33.08,40.82,49.1,42.26,46.58,45.86,35.24,32.54,42.08,41.18,30.74,36.32,20.12,53.06,34.7,53.42,44.24,37.94,39.92,33.44,40.28,54.32,43.88,37.76,32.648,35.888,44.024,52.268,20.12,40.82,54.32
04-09,33.62,44.78,55.76,35.06,37.04,47.12,43.16,33.44,35.42,32.36,33.26,37.76,17.42,50.72,39.02,54.5,34.34,38.12,37.94,39.2,35.42,39.74,45.68,41.9,33.296,35.276,41.108,50.0,17.42,37.94,55.76
04-10,32.72,42.26,52.34,37.04,35.96,44.78,35.42,33.08,43.16,37.58,38.12,43.16,33.8,43.34,46.04,37.94,36.14,46.94,31.28,46.94,42.08,30.56,55.76,37.58,32.792,36.068,43.232,46.94,30.56,38.12,55.76
04-11,30.38,43.34,58.46,40.64,43.7,45.14,33.26,34.7,47.48,34.7,46.22,51.8,40.28,50.18,50.72,46.4,39.56,43.88,30.92,26.06,28.04,26.96,56.48,43.7,28.508,34.7,46.292,51.584,26.06,43.34,58.46
04-12,30.38,47.84,57.92,50.18,49.46,51.62,30.92,41.9,44.96,37.22,36.86,44.42,35.78,33.98,39.2,54.68,43.7,34.88,31.28,15.62,27.14,15.62,39.38,57.02,27.788,34.52,44.636,51.332,15.62,39.2,57.92
04-13,34.88,53.78,58.64,56.84,56.84,50.54,40.1,52.52,46.04,35.96,42.62,41.36,36.14,24.44,46.94,49.1,55.76,34.7,37.76,17.06,25.34,12.74,30.38,56.48,24.62,35.528,49.676,56.624,12.74,41.36,58.64
04-14,32.9,52.34,48.2,53.06,41.36,53.6,51.62,56.66,33.62,44.24,38.3,40.1,28.94,37.04,52.88,42.44,43.52,40.64,40.28,32.54,24.62,14.72,29.12,58.64,28.976,35.672,45.824,53.024,14.72,40.64,56.66
04-15,33.44,33.26,38.48,44.78,40.28,53.6,46.4,39.92,31.1,42.62,41.54,34.16,21.02,43.7,33.08,37.4,39.02,46.04,37.4,27.86,26.78,18.86,33.98,47.12,26.996,33.368,40.784,45.788,18.86,37.4,53.6
04-16,30.38,33.98,40.64,42.62,51.44,50.0,43.16,33.62,32.18,48.02,44.6,39.92,21.56,36.86,38.12,35.78,39.2,49.64,39.02,23.36,31.46,26.6,46.58,43.34,27.356,33.836,42.836,49.316,21.56,39.02,51.44
04-17,49.28,34.88,41.54,43.7,55.58,33.08,52.52,41.54,39.92,50.54,39.2,41.54,20.84,44.96,46.4,38.66,41.9,35.96,40.1,37.04,41.9,30.92,48.56,28.94,33.44,38.984,44.204,50.288,20.84,41.54,55.58
04-18,52.16,26.78,38.3,37.76,35.96,34.7,43.88,48.74,44.78,51.8,29.84,40.82,34.52,45.68,42.8,36.32,46.4,39.02,49.1,41.72,42.44,35.96,39.92,27.5,34.556,37.184,44.24,49.028,26.78,40.82,52.16
04-19,43.7,26.6,37.76,41.72,32.72,39.2,37.22,44.24,50.54,51.8,28.22,41.18,40.82,47.12,37.94,43.16,44.24,43.16,59.36,41.0,25.34,44.96,34.52,27.32,29.12,37.868,43.916,49.856,25.34,41.18,59.36
04-20,31.64,24.8,46.58,41.72,31.64,46.76,39.38,21.02,54.86,51.08,35.06,51.44,42.98,49.64,43.52,50.36,47.84,44.96,52.34,45.5,27.14,39.38,32.36,29.84,28.04,37.652,47.192,51.368,21.02,43.52,54.86
04-21,28.76,39.2,52.34,38.66,33.44,55.94,40.28,27.14,59.18,49.82,40.82,46.76,28.04,50.72,48.92,56.12,36.5,52.16,36.68,49.46,32.0,37.4,27.14,47.84,28.184,36.608,49.604,55.22,27.14,40.28,59.18
04-22,36.5,48.2,50.72,41.54,39.74,55.76,45.14,38.3,60.26,50.18,34.7,58.82,21.38,55.04,51.62,61.88,43.52,46.76,41.72,49.82,39.38,36.14,32.0,41.36,34.988,39.596,50.396,58.208,21.38,45.14,61.88
04-23,44.24,35.78,47.66,50.18,45.5,30.56,39.56,33.26,42.26,43.16,37.04,64.76,30.92,43.34,46.94,50.0,48.02,34.16,52.52,42.26,28.4,34.52,39.92,44.06,31.388,36.536,46.076,50.144,28.4,42.26,64.76
04-24,48.92,31.82,48.38,44.06,46.76,30.38,47.84,30.38,29.12,45.32,44.24,62.06,39.74,46.04,48.92,42.44,39.74,36.86,44.78,42.08,37.76,36.86,45.68,52.7,30.668,38.948,45.824,48.812,29.12,44.06,62.06
04-25,56.84,31.46,50.54,44.24,45.32,37.58,50.9,32.9,37.4,37.22,45.86,57.92,50.72,46.58,37.22,39.2,36.32,44.06,37.4,48.2,40.1,43.88,45.32,48.92,36.5,37.508,46.148,50.864,31.46,44.06,57.92
04-26,58.28,33.08,40.64,53.96,44.78,48.38,43.34,35.96,33.62,38.3,37.4,58.46,52.88,40.64,34.88,33.44,38.3,48.38,38.66,51.44,37.4,50.9,48.02,40.82,33.872,37.94,48.38,53.744,33.08,40.64,58.46
04-27,60.98,28.76,40.82,62.06,28.58,44.96,51.8,48.38,37.58,50.9,41.36,44.78,57.2,40.1,41.18,33.08,36.32,55.22,41.54,48.74,43.16,43.52,38.84,44.6,33.728,40.532,48.524,56.804,28.58,43.16,62.06
04-28,60.08,40.46,34.52,34.88,25.7,47.48,61.52,56.48,34.88,41.72,45.14,38.48,48.38,38.48,51.62,31.64,34.16,59.9,30.2,48.74,48.02,40.46,46.4,42.98,32.144,37.04,48.164,59.216,25.7,41.72,61.52
04-29,49.28,44.42,36.32,33.98,27.14,51.26,60.98,57.56,33.98,37.04,33.62,43.16,44.24,38.48,60.08,35.24,37.76,48.2,26.24,58.28,54.14,37.4,52.16,43.34,33.692,36.752,50.072,58.136,26.24,43.16,60.98
04-30,51.26,35.6,35.96,42.08,31.28,46.94,51.44,38.66,32.0,36.32,36.86,48.92,31.64,43.52,46.58,36.14,44.24,37.76,28.4,54.32,60.98,41.36,50.9,36.68,31.712,36.248,46.724,51.404,28.4,41.36,60.98
05-01,33.8,33.26,37.94,48.2,30.02,47.12,54.32,37.04,36.68,41.9,35.24,44.42,31.46,52.52,54.32,43.16,41.54,39.38,32.9,46.4,52.88,37.4,53.6,34.16,32.972,36.896,46.688,53.456,30.02,41.54,54.32
05-02,33.98,48.2,45.68,58.82,34.88,40.28,61.88,36.14,41.54,41.18,45.5,42.62,43.16,56.66,57.2,49.46,40.64,43.88,38.48,49.64,37.04,41.36,56.3,38.3,36.32,40.964,48.704,57.092,33.98,43.16,61.88
05-03,39.38,38.84,45.5,55.04,44.6,36.32,50.0,46.22,46.76,44.06,46.22,46.04,45.68,39.02,46.58,56.84,47.12,48.92,43.7,49.64,39.74,40.82,59.9,34.16,39.092,43.916,46.904,54.032,36.32,46.04,59.9
05-04,48.56,44.42,42.62,61.88,51.44,33.98,40.82,48.74,46.58,35.96,41.0,50.0,39.38,44.06,51.26,61.34,57.38,55.4,49.1,41.9,43.52,48.2,58.1,46.76,39.668,43.16,50.504,57.956,33.98,48.2,61.88
05-05,51.08,40.82,39.74,60.26,50.36,47.12,37.04,54.86,50.9,32.54,51.62,39.74,45.86,48.02,56.48,62.6,65.3,53.6,36.14,45.14,44.42,55.94,47.3,44.96,37.58,44.852,52.412,59.504,32.54,48.02,65.3
05-06,39.92,34.88,36.86,52.7,54.86,55.94,45.14,50.0,46.58,28.4,47.12,40.82,52.7,38.12,41.72,47.84,66.92,58.46,35.6,47.84,49.28,56.66,47.48,44.6,35.852,41.36,51.08,56.516,28.4,47.48,66.92
05-07,50.18,31.46,39.74,58.64,45.86,50.36,52.7,40.82,41.54,31.28,45.14,45.5,57.92,31.46,36.32,47.48,54.86,54.14,38.66,37.94,50.54,45.5,45.86,43.7,32.432,40.388,50.252,54.716,31.28,45.5,58.64
05-08,59.54,28.4,35.42,59.9,44.24,42.62,57.92,43.88,39.74,37.94,42.26,53.6,52.34,40.28,34.88,55.94,44.06,56.48,38.3,39.38,37.76,38.66,49.82,36.68,35.888,39.092,50.828,57.632,28.4,42.62,59.9
05-09,50.18,34.88,34.88,51.26,43.34,37.04,61.52,34.7,41.54,42.08,37.94,64.04,53.06,43.7,34.34,41.54,47.12,54.86,38.48,38.84,36.5,37.04,49.64,41.18,34.88,37.58,48.128,54.5,34.34,41.54,64.04
05-10,47.84,34.88,35.78,39.56,39.56,42.98,51.08,40.64,44.06,37.04,36.32,43.16,52.7,36.68,35.96,35.42,53.24,50.18,46.76,34.52,35.96,38.84,46.76,49.28,35.492,36.536,45.14,50.9,34.52,39.56,53.24
05-11,56.12,42.8,41.9,33.8,32.72,51.98,56.3,47.84,50.18,35.42,43.7,42.62,55.94,35.42,44.24,41.36,60.08,40.46,49.64,31.82,39.56,42.62,44.24,56.84,34.124,41.0,48.56,56.084,31.82,42.8,60.08
05-12,67.28,46.94,48.02,28.58,32.18,55.58,66.02,38.84,39.38,35.6,48.2,50.9,67.1,36.5,42.26,50.54,65.12,38.3,59.18,38.48,46.22,40.28,44.6,57.92,35.78,39.164,50.684,65.84,28.58,46.22,67.28
05-13,70.34,55.58,48.92,34.16,47.3,51.98,57.02,46.4,40.64,44.06,49.64,58.46,68.9,43.88,47.48,34.7,46.04,45.32,61.52,45.68,50.72,46.4,43.52,58.64,41.216,45.536,51.224,60.908,34.16,47.3,70.34
05-14,64.4,55.4,57.2,42.44,51.44,53.6,43.7,47.48,49.46,51.44,37.76,60.98,57.38,48.56,44.42,37.76,46.94,47.3,60.44,46.76,48.2,45.86,45.86,47.66,42.692,46.4,52.304,59.828,37.76,48.2,64.4
05-15,51.08,43.34,60.26,48.74,56.48,58.64,47.3,51.44,42.26,54.5,47.48,62.6,54.86,54.32,45.14,39.02,44.6,55.94,57.56,44.78,48.92,50.9,53.42,51.26,43.592,47.408,54.644,58.424,39.02,51.08,62.6
05-16,44.42,36.86,46.4,39.2,56.48,63.68,56.3,60.62,51.26,56.3,47.3,66.92,49.28,47.48,42.98,40.64,47.66,58.46,46.22,47.66,54.14,55.58,58.46,57.92,41.108,46.94,56.3,60.188,36.86,49.28,66.92
05-17,48.38,46.04,40.28,41.36,47.12,65.48,66.38,64.4,64.22,61.88,44.06,55.94,47.66,49.1,36.86,50.9,39.02,54.68,42.26,56.48,60.44,54.32,48.74,52.52,40.496,46.688,56.156,64.364,36.86,49.1,66.38
05-18,52.52,52.88,32.18,44.6,54.32,68.54,62.78,68.54,67.28,57.56,42.98,43.7,46.22,48.74,36.14,56.3,37.22,43.34,33.8,59.72,63.32,54.68,49.46,46.58,36.356,44.24,56.804,66.488,32.18,52.52,68.54
05-19,55.22,56.3,34.34,48.56,57.74,64.04,59.72,58.28,67.28,52.16,37.76,45.86,42.44,49.64,37.76,56.84,42.26,40.1,31.82,59.0,48.56,41.9,54.86,40.82,37.76,42.368,56.516,59.576,31.82,49.64,67.28
05-20,35.42,62.06,46.4,49.64,55.94,62.06,53.24,65.84,44.06,51.44,38.48,52.88,44.96,48.02,41.18,50.18,47.12,50.54,34.88,50.9,38.84,33.26,62.96,38.84,36.032,44.6,52.016,62.06,33.26,49.64,65.84
05-21,46.94,55.76,49.64,48.2,51.8,64.04,47.48,43.34,49.28,45.32,45.68,63.86,48.38,52.52,46.94,49.1,49.64,55.22,35.6,48.56,29.48,36.32,62.24,43.88,37.724,46.94,50.504,60.944,29.48,48.56,64.04
05-22,57.02,40.28,55.4,44.78,59.9,65.3,35.42,36.14,49.1,43.88,51.08,51.08,43.88,59.36,47.48,48.2,47.12,53.06,38.84,47.48,32.36,37.76,63.68,48.02,36.464,43.88,51.872,59.792,32.36,47.48,65.3
05-23,59.9,31.82,59.0,39.74,46.58,59.18,40.64,41.9,55.22,44.6,49.28,43.34,46.4,62.78,45.86,45.14,55.76,50.72,42.08,36.5,42.98,45.32,55.58,35.96,39.92,43.196,52.52,59.144,31.82,45.86,62.78
05-24,61.34,43.16,60.44,36.86,41.36,60.08,46.76,44.6,53.6,39.38,45.14,41.36,51.08,59.36,44.96,44.24,57.2,59.36,44.06,40.82,50.36,46.94,54.14,44.78,40.928,44.168,53.816,59.936,36.86,46.76,61.34
05-25,59.36,50.72,66.74,43.88,42.8,63.86,42.8,44.42,51.44,44.06,45.86,33.8,53.24,56.3,50.54,48.02,42.98,62.24,50.72,51.8,51.08,54.68,52.52,46.94,42.836,45.284,52.808,61.664,33.8,50.72,66.74
05-26,59.36,49.46,61.7,52.16,47.84,53.6,49.82,37.58,55.04,52.34,44.96,34.34,52.34,63.14,51.08,48.38,44.6,60.44,49.82,56.3,44.06,59.9,49.46,46.4,44.168,49.028,54.176,60.332,34.34,51.08,63.14
05-27,56.12,55.4,61.16,54.86,53.6,42.98,61.16,38.12,60.62,51.8,43.7,38.12,51.8,57.56,50.9,49.64,53.42,55.04,42.8,55.76,52.16,59.72,51.8,52.16,42.836,51.44,55.544,60.44,38.12,53.42,61.16
05-28,57.2,60.26,67.82,55.76,53.6,42.98,47.84,43.34,61.52,47.3,41.9,42.8,50.36,64.76,47.48,47.48,53.6,52.7,44.96,52.16,55.22,48.56,55.22,62.06,43.052,47.48,55.22,61.268,41.9,52.16,67.82
05-29,53.24,61.52,71.24,44.6,42.62,47.84,42.8,52.88,64.4,44.6,36.32,50.0,43.7,54.68,46.04,55.76,55.22,56.84,51.08,57.56,47.12,43.16,57.2,51.26,42.872,45.464,55.436,60.728,36.32,51.08,71.24
05-30,51.98,56.12,54.14,48.74,41.0,48.74,46.94,51.8,63.14,49.46,39.74,47.84,48.38,54.14,56.66,47.84,57.38,59.9,57.92,62.6,51.8,38.12,57.56,44.06,42.188,48.596,56.336,59.504,38.12,51.8,63.14
05-31,56.48,59.18,54.32,51.08,48.38,55.58,47.3,53.6,64.4,54.68,47.48,52.16,48.2,52.52,58.82,47.12,59.9,55.58,53.06,67.64,58.46,41.9,58.1,48.92,47.336,51.728,57.128,59.756,41.9,54.32,67.64
06-01,59.72,56.84,54.32,52.88,47.84,61.7,51.44,57.56,45.32,48.2,53.6,56.84,50.18,48.56,58.46,55.58,65.48,50.0,56.66,58.82,60.44,46.58,56.48,55.4,47.912,50.936,57.128,60.296,45.32,55.58,65.48
06-02,59.72,48.02,51.62,57.74,49.46,69.44,58.1,53.42,40.1,55.76,53.06,59.0,54.14,55.76,54.86,60.08,61.34,53.6,62.24,58.28,65.12,48.92,50.18,54.14,49.028,53.276,58.568,62.06,40.1,55.76,69.44
06-03,45.32,47.12,51.98,65.3,50.18,61.52,59.18,51.62,44.06,56.12,47.48,57.74,49.28,55.94,53.78,58.46,62.78,60.08,61.16,61.88,72.14,51.8,52.34,57.74,47.192,51.728,59.54,62.6,44.06,55.94,72.14
06-04,41.0,49.64,49.28,61.16,53.24,60.26,59.9,44.78,53.96,52.52,53.6,65.66,41.54,54.32,53.42,61.88,69.26,69.8,60.8,55.94,69.62,55.58,53.6,55.58,45.68,53.348,60.476,68.54,41.0,54.32,69.8
06-05,47.84,60.26,46.76,68.72,56.3,58.64,60.98,46.94,48.38,52.88,63.86,72.68,51.26,55.94,53.06,64.76,59.54,56.48,61.34,59.0,68.72,54.32,58.1,60.44,47.948,53.816,60.548,67.928,46.76,58.1,72.68
06-06,51.26,59.0,41.36,62.78,48.02,62.78,47.12,44.96,40.1,52.34,61.34,51.62,59.18,42.08,58.28,61.88,55.04,57.2,66.38,57.92,55.04,51.08,56.66,61.16,42.656,51.188,58.568,62.6,40.1,55.04,66.38
06-07,55.4,53.6,47.66,53.42,43.7,60.8,42.8,44.42,36.32,53.42,49.82,54.5,62.78,48.56,62.78,67.46,60.44,58.28,48.38,50.0,56.3,50.72,59.54,61.7,43.844,49.316,57.092,62.384,36.32,53.42,67.46
06-08,58.82,49.46,59.9,44.42,44.24,61.7,53.24,48.92,40.64,52.7,43.16,60.98,60.08,51.62,69.98,69.26,69.8,60.44,38.12,44.96,55.76,53.24,56.3,58.46,43.376,49.244,59.972,67.748,38.12,53.24,69.98
06-09,62.24,39.92,52.34,50.9,45.86,56.3,60.62,50.54,40.46,57.56,44.24,46.4,64.58,62.06,68.72,69.26,59.18,69.8,48.38,49.28,65.12,58.28,56.84,53.24,44.564,50.036,61.196,68.0,39.92,56.84,69.8
06-10,64.94,42.98,52.7,47.48,51.8,53.6,62.6,47.3,42.98,49.64,48.92,49.46,58.46,55.04,59.54,68.18,53.06,55.94,53.24,55.04,59.36,65.3,53.42,58.64,47.336,50.936,56.948,64.472,42.98,53.42,68.18
06-11,51.98,47.12,55.76,51.26,51.62,54.14,57.74,40.64,49.82,43.52,52.52,54.32,57.02,48.2,61.16,58.64,50.0,42.44,53.24,60.98,52.88,59.0,53.42,64.4,44.24,50.756,54.896,58.928,40.64,52.88,61.16
06-12,44.6,51.44,56.48,52.16,45.86,56.84,59.72,47.3,55.04,42.8,52.88,59.72,55.04,56.84,63.68,55.58,53.42,50.0,60.98,69.8,62.6,50.9,52.52,64.04,46.148,51.872,56.84,62.276,42.8,55.04,69.8
06-13,35.42,53.06,60.08,54.86,50.72,59.18,59.0,57.2,57.56,47.48,55.76,58.1,59.18,56.84,55.94,58.46,46.4,66.38,60.62,73.4,65.84,50.9,57.92,59.18,48.128,55.4,59.072,64.796,35.42,57.56,73.4
06-14,47.84,56.3,63.5,55.22,59.72,55.4,53.6,57.74,53.78,56.48,53.96,54.68,51.44,48.02,48.92,59.18,55.22,57.74,59.0,58.28,76.64,47.84,55.4,62.96,48.2,53.888,57.74,59.612,47.84,55.4,76.64
06-15,53.06,58.46,59.9,46.58,59.36,56.3,52.52,54.32,55.22,57.74,54.32,56.48,56.12,52.7,48.74,49.28,56.48,48.56,55.04,56.48,75.74,55.94,49.82,58.46,48.848,52.916,56.48,59.18,46.58,55.22,75.74
06-16,55.4,64.76,59.72,46.22,58.82,58.64,59.9,57.92,57.02,52.88,47.66,61.88,57.56,52.16,51.62,57.74,56.48,51.8,52.52,50.9,64.04,62.24,51.8,50.0,51.044,52.376,58.712,62.168,46.22,57.02,64.76
06-17,57.74,60.98,63.5,41.18,62.6,58.46,52.52,63.68,57.74,50.54,51.62,64.76,59.72,48.92,60.08,54.5,53.96,48.92,53.78,43.7,62.96,76.1,55.76,45.86,48.92,53.276,60.44,63.644,41.18,57.74,76.1
06-18,48.02,53.96,67.28,39.56,56.66,57.02,53.24,60.08,53.6,53.42,56.66,58.1,64.94,48.02,60.98,67.1,56.3,50.0,57.38,48.02,62.24,71.42,54.68,41.0,48.02,53.528,58.892,66.668,39.56,56.66,71.42
06-19,50.54,51.62,68.36,44.96,59.72,56.84,61.16,57.74,61.16,51.08,48.2,50.36,66.02,56.66,61.88,59.9,60.8,50.54,50.54,53.42,64.4,53.06,53.78,50.72,50.396,51.404,60.26,63.896,44.96,56.66,68.36
06-20,56.84,58.1,62.24,51.26,68.0,56.48,65.84,60.98,56.3,54.14,53.06,53.42,54.32,60.98,58.46,64.22,68.72,53.78,46.58,57.38,48.38,51.08,49.82,55.58,50.072,53.636,59.468,65.516,46.58,56.48,68.72
06-21,65.12,61.88,50.72,54.32,74.3,52.88,67.64,66.92,57.2,57.2,59.0,60.98,51.44,56.12,61.7,70.52,64.76,59.72,45.86,57.74,57.92,55.4,46.22,55.4,50.864,55.832,61.772,67.496,45.86,57.92,74.3
06-22,71.24,57.02,46.4,58.46,74.48,60.26,70.52,62.06,56.66,52.52,63.32,61.88,49.64,51.08,57.02,61.16,53.6,57.38,47.48,59.72,69.8,65.12,51.8,64.04,49.928,55.436,61.952,70.376,46.4,58.46,74.48
06-23,66.56,59.54,48.2,60.98,63.5,62.24,70.7,60.08,54.68,59.0,63.14,64.58,56.84,53.6,62.24,72.32,51.98,54.32,52.52,65.12,67.64,68.72,50.36,75.02,52.088,55.976,63.932,68.504,48.2,60.98,72.32
06-24,68.54,64.94,39.74,49.1,57.56,58.82,66.38,64.4,66.02,66.2,58.1,74.12,61.88,56.66,61.52,65.48,54.68,57.2,50.9,67.1,62.78,51.98,51.08,67.82,50.936,56.984,65.156,66.956,39.74,61.52,74.12
06-25,61.88,66.74,49.46,52.88,62.24,62.6,59.54,62.06,72.68,63.32,54.68,78.8,64.4,58.28,62.42,57.38,59.18,66.38,54.5,59.0,55.4,47.48,56.12,62.24,53.204,56.876,62.492,66.668,47.48,59.54,78.8
06-26,59.36,72.14,58.64,52.88,54.68,65.3,54.68,61.34,57.56,58.46,53.24,73.22,63.86,56.48,69.62,60.98,69.98,61.52,55.76,67.28,59.18,55.04,54.14,60.26,54.248,56.192,62.456,69.908,52.88,59.18,73.22
06-27,64.4,73.22,62.06,52.88,55.94,65.48,59.18,58.64,56.66,61.7,59.72,61.16,66.74,53.96,70.7,62.78,61.88,60.8,62.6,69.08,64.58,63.86,54.68,62.96,54.932,59.504,64.076,68.612,52.88,61.88,73.22
06-28,65.48,73.22,57.74,59.18,57.38,73.04,71.24,59.36,67.46,68.18,73.04,66.74,68.0,53.78,73.4,68.18,56.66,61.88,60.98,50.72,64.22,68.54,55.58,54.86,55.796,59.288,68.18,73.04,50.72,65.48,73.4
06-29,63.32,69.98,64.4,63.86,55.22,71.06,78.44,66.2,66.74,71.6,73.58,72.68,64.76,56.3,73.04,66.2,52.7,52.16,58.82,48.2,68.72,64.58,58.64,55.4,53.204,61.52,69.224,72.968,48.2,64.76,78.44
06-30,61.52,67.28,73.4,60.08,59.9,63.86,68.18,70.16,65.84,65.66,61.88,67.64,67.1,55.58,71.06,62.6,58.28,54.32,58.1,51.26,70.88,58.28,64.4,60.8,56.084,60.008,67.172,70.736,51.26,63.86,73.4
07-01,64.76,62.06,69.62,61.34,66.2,61.52,66.02,64.04,59.9,67.28,59.0,72.68,68.9,58.1,69.08,67.46,67.82,58.82,60.08,56.3,70.7,60.08,65.48,55.4,58.856,60.836,67.352,69.512,56.3,64.76,72.68
07-02,68.9,63.14,69.62,59.72,59.9,62.6,70.7,55.22,59.36,66.74,65.66,67.1,72.32,62.78,64.22,69.44,66.38,58.64,57.38,62.78,72.14,62.6,66.2,55.76,58.784,62.6,66.884,70.484,55.22,64.22,72.32
07-03,68.36,62.42,65.48,62.6,54.68,62.06,68.72,64.76,57.2,53.78,72.14,77.36,75.2,67.46,68.54,66.2,69.62,53.42,51.08,62.6,73.04,58.82,52.7,51.26,53.492,60.764,68.432,72.86,51.08,64.76,77.36
07-04,68.9,72.5,64.58,55.04,60.98,62.6,71.6,76.28,59.18,56.66,64.58,64.58,66.74,73.22,73.76,65.66,68.54,55.04,54.5,61.7,65.84,60.8,48.92,53.06,55.04,60.908,67.46,73.076,48.92,64.58,76.28
07-05,72.32,65.48,68.18,50.18,66.56,62.42,72.14,64.76,64.22,50.0,66.74,56.84,62.42,71.6,52.7,60.08,69.62,62.24,53.06,60.08,58.1,60.26,53.96,58.28,52.772,59.288,65.912,71.204,50.0,62.42,72.32
07-06,66.02,64.58,58.64,60.26,72.32,66.74,78.26,61.52,60.62,48.2,64.58,66.74,62.06,69.98,54.68,55.58,68.18,76.46,57.92,60.26,66.56,63.5,53.96,57.2,54.86,60.26,66.632,71.852,48.2,63.5,78.26
07-07,69.08,67.64,60.26,62.42,70.7,66.02,70.88,63.86,60.8,54.68,67.28,66.92,59.54,63.14,58.28,57.56,68.72,70.34,60.62,64.58,68.0,64.04,57.38,58.28,57.704,60.728,67.424,70.088,54.68,64.04,70.88
07-08,68.18,70.52,63.14,55.22,77.9,69.44,65.48,62.78,51.62,61.88,66.92,69.62,65.12,63.68,57.2,69.62,73.76,66.56,55.4,58.46,68.54,69.8,57.92,67.46,55.76,62.42,68.9,70.376,51.62,65.48,77.9
07-09,63.68,62.96,66.2,62.42,75.56,68.36,66.2,67.82,54.32,68.0,65.48,74.12,63.5,68.0,62.78,68.72,71.6,70.88,52.88,61.52,62.24,68.36,65.3,69.62,61.664,63.284,68.144,71.456,52.88,66.2,75.56
07-10,61.88,64.76,67.46,67.1,57.92,68.36,58.46,73.22,59.54,66.38,65.3,73.04,71.42,69.8,61.7,53.78,69.44,73.76,63.68,60.98,67.64,61.52,67.1,74.12,58.676,61.808,67.928,72.716,53.78,66.38,73.76
07-11,67.82,73.94,66.2,67.28,62.42,72.32,64.04,57.02,66.02,59.0,62.06,69.44,71.06,60.26,66.56,55.04,63.14,62.96,67.64,64.04,71.96,60.8,63.86,75.2,59.252,62.744,67.424,71.78,55.04,64.04,73.94
07-12,66.92,81.5,74.12,64.22,72.68,67.64,68.0,58.64,64.22,70.16,63.86,73.76,67.82,63.86,66.02,56.3,61.88,64.22,65.48,71.42,64.58,66.92,62.06,71.24,61.916,64.22,67.892,73.544,56.3,66.02,81.5
07-13,65.12,80.6,76.1,64.94,80.6,67.82,72.32,67.1,61.7,61.34,67.1,74.3,63.5,68.18,66.02,57.38,73.76,71.78,65.48,57.74,58.1,69.8,61.52,70.7,58.748,64.364,70.592,75.74,57.38,67.1,80.6
07-14,61.16,79.16,66.2,74.48,65.84,75.2,71.24,68.36,57.74,58.28,62.42,68.18,61.52,61.34,62.78,61.34,73.4,69.8,68.0,57.2,60.8,70.16,61.7,72.68,58.784,61.448,68.936,74.264,57.2,65.84,79.16
07-15,59.0,73.04,69.62,68.18,72.86,77.36,76.82,67.64,60.98,66.92,64.4,68.36,71.78,55.94,58.1,61.52,70.88,62.06,60.98,61.88,69.08,69.08,64.58,68.0,59.396,61.988,69.296,73.004,55.94,67.64,77.36
07-16,60.62,67.46,74.66,71.6,75.2,73.58,75.2,62.06,65.3,74.84,71.24,61.7,55.58,62.78,61.34,56.12,69.8,63.32,57.74,68.9,73.4,71.42,68.72,70.16,58.316,62.492,71.492,74.804,55.58,68.72,75.2
07-17,58.64,66.38,77.36,75.02,55.58,73.4,70.16,59.18,68.72,66.56,69.26,66.2,59.72,68.9,55.22,61.88,60.98,62.42,60.98,71.78,74.3,76.28,69.08,66.02,58.748,61.52,69.62,74.876,55.22,66.56,77.36
07-18,58.64,70.7,75.2,72.14,65.66,75.38,70.7,59.36,71.96,66.2,74.84,75.74,68.54,63.5,54.32,66.2,64.04,69.08,62.6,62.42,78.44,72.5,65.3,69.8,59.972,64.796,72.032,75.344,54.32,68.54,78.44
07-19,64.22,67.64,76.82,68.9,75.38,68.18,77.36,64.4,70.34,59.0,75.92,77.9,68.36,69.8,63.5,75.38,69.62,66.56,59.72,63.5,78.98,66.02,60.98,69.98,61.484,65.372,72.356,77.252,59.0,68.36,78.98
07-20,65.3,63.14,74.66,65.84,70.88,71.78,78.26,64.94,59.36,58.28,62.06,74.48,68.36,72.5,66.56,69.44,72.32,67.28,57.02,61.34,66.74,71.06,60.8,68.18,59.648,64.22,70.952,74.084,57.02,66.74,78.26
07-21,64.94,57.02,71.06,64.4,72.68,68.36,79.16,71.96,63.5,58.1,62.78,74.48,70.7,61.7,62.6,70.88,67.82,70.16,56.66,66.38,66.2,71.06,68.54,68.9,58.82,64.04,70.772,72.536,56.66,67.82,79.16
07-22,62.24,57.74,74.3,56.3,69.08,72.86,78.8,70.52,69.8,61.52,62.78,68.9,69.44,66.02,66.92,74.48,67.64,63.86,64.94,73.76,67.46,71.6,74.12,71.6,61.664,65.588,70.952,74.264,56.3,68.9,78.8
07-23,61.16,62.06,79.88,53.6,71.6,75.56,78.44,66.74,75.2,60.98,61.34,71.96,69.44,69.08,61.7,63.5,71.6,62.06,69.8,65.3,68.0,64.04,73.76,75.2,61.196,62.924,71.6,75.488,53.6,68.0,79.88
07-24,65.3,70.52,75.38,60.26,67.46,69.26,72.5,61.34,65.66,64.76,68.36,68.0,69.98,73.4,66.38,67.46,73.76,65.12,67.82,65.66,67.64,63.86,71.78,78.26,64.04,65.66,69.548,73.22,60.26,67.64,75.38
07-25,63.86,67.28,64.94,69.8,50.0,71.96,64.76,64.04,67.46,73.22,74.12,66.2,64.04,63.68,68.9,71.42,58.64,60.26,64.4,63.86,71.96,65.84,75.02,75.2,60.944,64.04,69.26,72.968,50.0,65.84,75.02
07-26,61.16,64.76,63.86,68.0,54.68,72.5,59.9,73.04,67.28,69.44,68.72,67.28,64.22,63.32,69.08,67.28,65.84,59.36,65.3,63.86,73.58,62.42,69.08,64.04,60.152,63.86,68.288,71.888,54.68,65.84,73.58
07-27,65.84,57.38,68.54,60.44,65.48,77.18,65.3,74.48,54.86,61.52,61.88,60.62,65.66,64.76,53.42,70.16,68.9,57.74,66.92,68.0,77.36,65.84,62.96,63.5,57.452,61.736,67.352,73.616,53.42,65.48,77.36
07-28,74.84,63.68,73.04,57.92,68.0,78.44,72.32,70.34,56.12,62.96,63.86,68.9,61.16,67.46,54.32,61.88,68.9,58.28,63.14,63.68,68.36,66.74,60.8,63.68,57.992,62.528,68.576,72.896,54.32,63.86,78.44
07-29,65.66,68.36,66.74,61.52,71.06,83.3,74.66,70.16,50.72,70.34,71.96,69.8,55.76,67.46,60.08,65.84,67.46,59.36,61.7,62.42,65.48,70.88,64.58,67.82,59.504,63.716,69.944,71.78,50.72,66.74,83.3
07-30,58.64,70.52,71.42,68.18,69.08,74.3,77.18,69.8,57.2,70.16,71.78,75.38,56.48,68.9,66.74,72.14,73.04,64.58,65.66,69.98,72.14,73.22,69.08,63.86,59.828,68.612,71.924,74.084,56.48,69.98,77.18
07-31,59.36,66.2,66.92,68.9,69.26,59.54,74.3,66.74,56.66,66.92,71.6,71.24,63.32,69.26,69.62,75.56,73.22,68.9,66.92,69.44,70.34,70.88,71.42,64.22,60.296,66.92,70.556,72.896,56.66,69.26,75.56
08-01,62.96,54.68,67.28,71.6,70.88,59.0,62.6,74.3,66.56,63.68,64.04,69.98,61.88,68.18,73.4,65.48,69.08,69.62,66.56,68.18,71.96,76.1,71.42,71.6,62.024,64.904,70.34,73.112,54.68,68.18,76.1
08-02,76.64,58.1,73.22,66.38,63.86,61.16,65.48,70.16,69.98,64.94,66.92,69.62,58.46,65.66,69.62,71.24,54.5,69.08,69.26,69.44,69.8,71.6,65.48,77.0,59.0,65.48,69.692,71.528,54.5,69.08,76.64
08-03,76.28,55.22,68.9,61.34,55.94,67.82,68.72,68.36,68.18,60.98,69.26,53.78,58.64,65.66,67.28,68.54,56.3,64.76,68.72,69.44,64.94,70.88,59.54,74.3,56.012,61.196,68.612,69.404,53.78,67.28,76.28
08-04,73.76,60.08,65.48,63.5,60.98,66.92,68.9,62.6,64.4,57.38,67.28,60.26,62.78,59.9,59.9,59.18,66.02,60.62,66.92,64.94,70.52,76.64,60.26,65.66,59.9,60.476,66.38,70.196,57.38,63.5,76.64
08-05,68.9,64.58,67.64,64.58,72.5,63.68,61.88,68.36,59.18,63.14,63.5,72.86,65.12,57.38,60.08,65.84,57.38,53.6,64.4,65.66,66.92,62.06,57.02,65.48,57.38,61.988,65.732,68.792,53.6,64.4,72.86
08-06,75.56,70.16,71.24,66.56,73.22,64.94,64.4,66.92,60.08,65.3,65.66,71.6,63.5,65.84,61.16,64.04,54.32,60.62,67.64,66.56,64.22,49.46,54.86,67.46,55.904,63.824,66.704,71.528,49.46,65.3,75.56
08-07,76.46,58.46,72.14,62.42,72.32,68.9,69.8,71.96,56.84,63.5,67.1,73.22,64.58,67.64,59.54,60.62,60.08,66.92,63.86,66.74,68.54,61.16,54.32,53.42,58.676,61.916,68.684,72.284,54.32,66.74,76.46
08-08,67.82,51.26,69.62,57.02,67.1,69.62,68.54,66.56,51.8,65.84,61.34,75.74,62.42,65.3,52.7,65.84,63.32,70.34,63.32,64.04,69.44,70.88,59.36,49.82,53.564,62.96,68.108,70.196,51.26,65.84,75.74
08-09,54.86,57.02,69.08,55.22,62.42,71.42,69.44,68.9,57.74,63.14,58.1,74.48,55.76,63.86,59.9,62.96,58.28,73.76,62.24,60.44,56.12,71.78,66.02,53.42,55.832,58.208,67.172,71.708,54.86,62.42,74.48
08-10,62.96,67.46,73.94,54.32,59.72,71.6,67.28,66.56,64.4,61.52,61.7,65.66,59.36,65.66,65.84,60.26,60.98,75.56,57.92,62.6,66.92,73.04,61.52,56.48,59.432,61.52,66.704,72.752,54.32,64.4,75.56
08-11,67.64,57.02,75.38,58.64,55.04,71.42,59.18,62.06,69.8,65.12,60.08,61.7,64.76,69.26,71.42,59.36,63.68,77.9,56.12,69.26,68.54,72.14,62.42,60.44,57.344,61.052,69.26,71.996,55.04,64.76,77.9
08-12,69.62,53.78,73.22,61.52,47.3,55.4,73.94,63.68,69.08,58.46,60.98,64.94,64.58,69.8,69.08,60.44,62.42,74.3,56.48,69.44,60.98,69.8,64.04,62.06,55.616,60.98,69.224,72.536,47.3,64.04,74.3
08-13,67.46,63.32,78.08,64.22,43.34,56.12,70.52,61.16,61.52,50.54,67.82,67.64,60.98,67.46,73.94,62.78,61.34,59.9,58.46,60.26,63.32,64.76,58.1,61.16,56.516,60.692,65.84,69.98,43.34,62.78,78.08
08-14,63.14,64.94,75.2,65.48,53.78,65.66,65.66,61.52,53.6,53.42,73.04,71.96,64.4,61.88,74.84,67.46,55.94,58.64,61.34,59.18,71.42,64.58,64.04,56.48,54.212,61.448,65.66,72.824,53.42,64.4,75.2
08-15,62.96,57.38,78.44,68.18,62.06,64.58,69.44,57.2,47.84,56.12,65.84,49.64,69.26,65.66,71.42,67.1,58.82,66.38,58.28,66.02,71.78,67.64,74.48,62.24,56.336,60.764,67.856,71.708,47.84,65.84,78.44
08-16,64.76,56.66,74.12,61.34,67.1,59.36,66.74,64.4,48.92,60.26,58.82,55.22,74.48,61.88,54.5,68.72,64.4,70.52,57.92,71.06,75.02,69.62,71.78,62.24,55.508,59.9,69.08,73.652,48.92,64.4,75.02
08-17,68.54,53.78,59.18,60.26,65.12,54.86,66.92,66.56,53.96,67.82,66.2,63.32,71.42,64.04,48.56,69.98,64.22,71.96,49.46,76.1,70.7,71.06,75.2,64.04,53.816,62.096,69.116,71.852,48.56,66.2,76.1
08-18,72.86,57.02,67.1,54.14,50.18,57.2,63.68,70.34,59.54,71.78,66.02,62.24,69.44,63.86,46.76,54.32,67.82,58.46,60.08,72.68,47.48,65.48,73.76,70.88,50.972,57.956,67.388,72.5,46.76,63.68,73.76
08-19,68.18,63.68,75.56,58.64,56.12,64.04,68.18,71.96,58.1,67.1,58.28,66.02,72.68,65.66,56.84,47.84,66.02,56.3,68.36,64.58,48.38,64.04,57.74,69.08,56.156,58.208,66.452,71.24,47.84,64.04,75.56
08-20,65.12,59.72,70.52,60.26,65.3,66.38,61.7,67.46,61.88,69.26,62.24,70.16,70.34,60.44,63.14,57.56,60.26,46.76,62.78,69.62,48.2,67.1,53.96,66.92,54.68,60.368,66.668,70.052,46.76,62.78,70.52
08-21,67.28,53.42,67.82,67.1,70.7,65.84,58.82,57.02,67.82,74.3,69.98,71.24,65.84,52.88,66.38,68.9,59.54,46.76,64.4,66.38,51.26,67.82,63.68,64.4,52.988,62.024,67.82,70.556,46.76,66.38,74.3
08-22,70.34,57.02,71.78,62.6,67.28,74.84,54.5,53.96,66.92,65.3,75.56,66.92,66.92,51.62,47.48,69.08,65.3,56.12,61.52,71.06,59.72,66.74,68.36,63.68,54.068,60.8,67.712,71.636,47.48,66.74,75.56
08-23,74.66,57.56,70.34,57.2,66.38,73.76,55.22,64.4,63.86,53.42,72.86,69.08,68.0,48.02,56.48,56.84,70.88,61.34,54.5,64.58,64.04,65.48,67.46,65.66,54.644,57.416,67.676,72.464,48.02,64.4,74.66
08-24,63.86,56.84,67.64,57.02,53.78,60.08,55.22,70.52,59.0,59.54,69.98,65.3,65.48,46.58,68.0,48.02,66.92,63.14,63.32,72.5,52.34,58.28,64.76,67.1,52.628,57.776,65.372,69.584,46.58,63.14,72.5
08-25,63.68,61.16,69.44,51.8,53.96,54.5,69.44,73.22,66.02,68.9,71.06,56.84,71.78,48.38,71.6,48.38,65.3,54.32,58.28,69.44,52.34,60.44,59.36,58.1,51.908,55.904,69.116,71.492,48.38,61.16,73.22
08-26,66.74,60.98,73.58,47.12,62.78,55.22,70.16,59.0,70.7,77.54,69.44,59.54,71.06,57.02,70.7,51.98,66.02,53.24,53.06,63.68,57.56,63.68,64.22,54.32,53.096,58.424,67.82,70.988,47.12,63.68,77.54
08-27,69.44,52.52,67.1,50.36,66.2,62.78,60.26,55.76,67.64,66.92,73.76,72.68,67.64,63.5,64.76,62.78,67.1,45.68,53.24,59.18,56.3,65.3,62.42,65.48,52.664,59.828,66.992,69.08,45.68,63.5,73.76
08-28,70.52,54.5,60.08,57.38,66.02,66.74,51.98,58.82,62.6,51.26,69.26,78.26,69.62,64.76,67.28,66.38,71.06,48.02,64.04,58.82,53.24,57.38,64.22,56.48,52.232,58.244,66.524,70.34,48.02,64.04,78.26
08-29,59.54,59.0,48.2,59.0,73.94,72.86,62.42,64.04,60.26,53.24,64.76,73.58,66.92,59.18,70.34,62.96,69.08,61.52,56.84,68.72,60.44,61.7,68.36,56.84,57.272,59.972,67.496,72.356,48.2,62.42,73.94
08-30,63.68,62.06,52.16,64.58,53.42,69.44,73.58,73.58,60.08,46.76,65.84,60.98,67.28,56.84,67.28,70.34,70.88,61.7,56.12,49.28,67.28,69.98,63.32,65.12,52.412,60.62,67.28,70.772,46.76,63.68,73.58
08-31,66.74,59.0,62.06,68.0,54.14,49.64,70.16,56.3,59.9,51.08,62.78,66.92,62.24,51.62,59.54,74.3,68.36,56.48,64.04,46.76,69.44,72.5,60.8,64.94,51.188,57.992,66.812,70.016,46.76,62.06,74.3
09-01,72.32,64.58,68.54,72.68,60.44,49.46,70.52,41.72,60.08,53.24,47.12,64.58,65.48,51.8,69.44,69.26,64.58,58.1,64.94,58.1,55.94,71.96,61.7,66.2,49.928,58.1,66.704,71.672,41.72,64.58,72.68
09-02,66.56,60.26,58.46,53.96,67.82,54.86,71.24,46.04,68.18,50.54,54.32,64.22,66.02,60.44,72.14,68.36,71.24,57.38,67.46,64.4,52.34,67.28,68.72,74.12,52.664,58.028,67.604,70.736,46.04,64.4,72.14
09-03,73.22,70.16,64.22,45.68,72.68,60.44,74.84,48.92,69.8,59.9,48.74,61.7,69.98,58.28,58.64,55.4,72.32,60.62,63.68,60.44,51.62,75.38,61.88,62.6,49.46,59.396,69.872,73.112,45.68,61.7,75.38
09-04,69.44,71.06,71.78,51.62,64.94,63.5,72.32,44.42,70.34,64.22,56.66,57.02,66.74,46.22,48.74,46.4,53.42,48.92,71.96,66.56,57.74,74.66,52.16,58.82,46.868,52.916,67.82,71.924,44.42,63.5,74.66
09-05,63.5,65.3,69.62,53.42,59.0,66.02,59.0,46.76,69.8,48.02,69.08,58.46,69.8,50.36,53.24,44.6,54.32,53.42,66.56,76.28,66.74,71.42,53.78,59.36,48.488,53.636,66.632,69.8,44.6,59.0,76.28
09-06,45.68,53.78,64.94,51.26,54.86,64.76,55.4,45.5,70.16,45.14,66.56,49.82,69.62,57.02,52.34,52.88,61.34,64.94,55.94,63.32,69.26,69.26,60.8,65.12,46.508,53.42,64.832,69.26,45.14,57.02,70.16
09-07,39.74,53.78,63.32,55.22,62.42,64.04,55.4,40.64,55.58,54.5,65.12,54.86,64.58,62.6,51.44,52.88,63.5,65.3,49.46,37.4,62.6,77.72,60.08,67.1,42.404,54.212,62.888,65.012,37.4,55.58,77.72
09-08,44.96,51.98,58.46,57.92,68.9,60.26,42.26,46.76,52.88,53.06,65.12,62.06,59.18,65.3,53.6,55.4,66.2,66.02,49.64,33.26,65.48,54.32,56.48,69.26,45.32,52.988,60.98,65.912,33.26,56.48,68.9
09-09,53.78,55.22,50.36,63.32,70.16,61.88,40.28,59.72,61.7,48.2,63.68,71.06,57.02,45.86,59.36,48.92,70.16,59.54,51.62,42.98,69.8,42.08,51.8,67.82,43.556,51.116,61.772,70.088,40.28,57.02,71.06
09-10,62.6,59.0,48.56,59.36,55.4,61.7,52.88,44.96,60.98,49.64,64.22,70.7,60.26,37.76,57.92,60.62,67.82,62.06,48.2,51.08,70.34,48.2,51.44,62.96,48.2,51.296,61.268,67.1,37.76,59.0,70.7
09-11,51.8,62.42,58.64,65.84,49.46,59.72,62.24,45.5,52.88,55.94,66.74,50.18,61.7,32.0,59.18,58.82,66.74,54.14,44.6,58.28,63.14,61.88,56.48,60.8,46.292,53.636,61.772,65.3,32.0,58.64,66.74
09-12,49.46,60.26,46.22,54.68,47.66,66.74,60.08,56.12,52.52,59.0,61.7,48.38,59.18,39.56,66.92,36.14,69.98,52.88,49.46,63.14,59.9,64.58,61.52,50.9,46.508,51.296,60.764,66.308,36.14,59.0,69.98
09-13,53.6,62.42,44.42,46.58,49.28,68.54,44.24,44.24,51.8,60.8,55.04,56.48,59.72,41.54,71.24,38.48,62.06,52.16,59.18,61.7,53.42,60.98,54.86,51.44,44.24,50.792,60.152,62.348,38.48,54.86,71.24
09-14,48.02,59.54,56.3,43.34,51.44,53.78,50.54,50.9,67.82,53.78,43.34,65.48,53.42,45.32,64.4,45.5,44.78,48.92,62.78,69.44,54.32,53.24,54.86,57.74,44.888,49.892,55.436,65.264,43.34,53.42,69.44
09-15,48.2,70.7,58.28,50.0,58.64,45.86,62.42,62.06,63.68,52.88,56.12,67.82,52.34,53.42,54.14,50.18,35.96,53.78,69.62,64.76,63.86,55.58,55.76,63.5,48.56,53.204,62.204,67.208,35.96,55.76,70.7
09-16,53.6,69.08,44.96,55.58,59.9,38.66,65.12,65.12,66.74,59.72,56.48,53.6,62.06,62.78,48.02,54.32,36.32,55.58,65.84,54.14,47.3,51.44,63.32,,45.428,53.6,62.348,65.696,36.32,55.58,69.08
09-17,51.98,51.26,35.24,63.14,48.2,41.18,54.86,63.68,68.72,40.1,52.16,53.24,57.74,63.5,45.86,61.52,44.78,51.98,52.34,57.74,57.38,53.24,66.92,,41.9,51.692,57.74,63.644,35.24,53.24,68.72
09-18,58.64,46.4,43.88,62.6,49.28,49.46,46.76,61.88,64.94,42.62,54.32,63.68,51.44,60.8,48.2,59.54,55.94,52.34,52.88,62.6,67.1,54.5,63.32,,46.472,50.648,61.232,63.608,42.62,54.5,67.1
09-19,56.84,55.4,53.96,45.86,58.82,54.5,47.66,64.58,70.16,54.68,54.32,58.82,47.12,59.36,56.3,55.76,42.44,43.16,51.98,59.54,50.18,61.16,56.84,,46.112,53.168,57.632,60.836,42.44,55.4,70.16
09-20,51.8,49.1,50.9,37.4,66.92,46.94,51.62,63.14,52.34,54.14,44.96,60.8,54.86,55.22,63.32,54.68,45.86,45.14,44.42,54.86,44.96,43.7,49.1,,44.528,46.508,54.752,62.672,37.4,51.62,66.92
09-21,61.52,39.56,45.68,40.64,51.62,44.06,53.78,55.04,46.76,50.72,50.72,62.06,64.04,56.3,63.14,45.32,38.48,51.26,44.78,57.02,50.72,42.8,44.42,,41.072,45.104,54.284,61.952,38.48,50.72,64.04
09-22,54.68,48.92,56.3,45.32,54.68,38.12,62.6,49.1,55.94,42.08,64.04,59.36,57.56,59.9,53.06,46.76,34.88,63.86,48.92,60.8,61.88,50.36,44.42,,42.548,48.92,58.28,62.456,34.88,54.68,64.04
09-23,58.64,48.38,57.2,52.7,43.88,42.62,50.0,45.5,60.44,49.64,68.72,58.82,53.24,62.24,62.78,46.94,36.14,49.46,57.38,59.36,55.76,59.18,47.84,,44.204,49.028,58.712,61.88,36.14,53.24,68.72
09-24,68.54,46.4,47.66,54.68,38.48,48.38,39.56,57.74,62.96,53.96,68.36,59.54,55.4,65.84,66.2,46.22,38.12,42.62,57.02,65.48,54.68,57.92,53.78,,40.172,48.092,58.568,66.128,38.12,54.68,68.54
09-25,70.16,38.48,67.64,60.62,47.48,56.48,48.38,62.24,62.96,62.24,69.98,59.18,41.9,69.62,71.24,47.66,42.62,44.42,48.92,54.68,65.48,56.66,60.26,,42.98,48.704,62.528,69.908,38.48,59.18,71.24
09-26,66.02,49.64,53.78,59.36,54.5,55.58,52.16,55.04,66.56,68.72,63.14,57.2,35.6,66.38,70.7,55.76,48.2,49.82,55.22,49.28,67.46,59.72,62.96,,49.352,54.212,63.032,67.28,35.6,55.76,70.7
09-27,66.56,39.2,50.36,50.0,49.28,46.76,54.86,59.54,45.68,63.86,67.82,54.14,37.94,47.66,56.48,62.78,49.82,43.34,42.98,42.98,67.28,61.88,55.22,,42.98,47.3,57.704,66.02,37.94,50.36,67.82
09-28,65.66,43.7,48.74,50.0,46.94,58.46,59.9,51.8,47.66,68.72,58.28,59.0,48.92,41.36,50.0,53.96,50.72,35.78,34.7,48.56,61.52,66.2,46.76,,41.828,48.2,58.352,64.832,34.7,50.0,68.72
09-29,55.22,55.22,41.54,54.5,61.7,57.74,45.5,54.5,65.66,55.58,49.46,59.9,55.58,44.06,56.66,60.8,51.8,35.96,32.18,58.46,44.42,61.52,48.74,,42.044,49.172,57.092,61.376,32.18,55.22,65.66
09-30,58.46,43.7,45.5,48.92,65.66,63.68,47.66,59.72,39.74,56.48,67.28,56.84,46.76,46.58,60.8,59.72,54.32,33.62,32.18,47.12,49.64,47.12,47.84,,40.532,46.976,57.488,63.104,32.18,48.92,67.28
